Id;experiment_id;experiment_name;source_id;target_id;strategy;emission_mode;total_samples;latency_samples;average_latency;minimum_latency;maximum_latency;standard_deviation_of_latency
1;1768844539660;RTT - Ping Emission: SERIES - N.Pings: 1000;0a3f31673eb194e8;5CTP;P2P_STAR;SERIES;1000;[303.743616,242.384385,217.681538,235.408077,237.459077,200.68423,218.717615,206.626077,421.083,245.700846,235.170693,213.505615,216.573616,227.659,364.526385,220.325616,250.171384,238.601923,249.059154,382.349615,253.692615,219.144385,226.865231,378.980846,268.054846,225.858692,225.187077,245.481308,198.471462,260.681538,217.724077,644.814154,353.291,289.814154,221.546461,216.116231,218.813538,217.944,374.267693,221.776616,146.984077,802.236,208.371077,233.472308,221.288,232.576692,241.778769,207.827385,350.755077,236.074539,196.686153,227.262461,214.541846,259.841,216.473307,253.420923,341.025539,267.344,151.110462,279.667308,229.040615,216.003077,265.069462,243.925,628.199693,262.177461,669.229154,427.624615,567.397231,309,878.368615,678.508,646.879692,643.504846,228.725923,333.588385,242.442462,104.367077,190.387461,218.693538,386.657846,198.492615,224.291769,224.512,88.116846,341.546384,144.648693,209.639693,304.979692,323.101539,338.118384,186.144307,369.848307,322.519077,220.063692,228.836692,282.446154,363.838846,224.84123,248.724384,190.196692,77.402769,204.099,260.236307,346.095769,145.040308,178.067692,231.113846,427.301846,313.851154,242.713538,228.296923,265.033538,228.477461,225.413231,225.224077,365.583769,193.780077,126.771,337.330769,189.656231,131.845538,188.649923,217.982538,220.827077,368.201154,223.949923,217.999615,192.695077,124.487,287.417846,275.249923,160.636615,278.925538,443.959077,345.825923,322.74923,170.663384,256.569539,220.847462,142.239462,351.096077,167.320539,128.101308,308.388308,250.41323,192.513462,231.545308,206.066077,220.606462,272.471154,224.268231,237.434538,199.775693,258.108538,225.341846,281.506231,279.210769,282.495076,223.831,222.448,218.196,368.309538,274.007077,225.69723,227.497231,224.173231,212.995462,380.32223,305.466231,199.905154,217.38023,221.159616,209.826769,261.587615,198.456,208.914846,213.964615,409.653846,193.558231,217.039461,222.92277,229.624923,82.757769,190.119461,227.395,206.835615,391.990385,196.74923,214.540615,265.505538,220.152923,207.785616,207.573923,218.839769,144.579307,351.094692,227.000385,213.884615,221.505461,381.403692,236.751384,328.025923,429.196615,170.546539,375.238769,292.80223,205.869923,221.022462,213.883693,222.797539,381.970538,221.155077,218.56,306.133,196.951385,378.632615,220.532923,221.740384,226.774077,210.004,223.935308,211.581308,226.478538,221.441846,156.029154,162.953846,298.258231,314.962692,225.665538,397.211,267.581462,238.609538,239.947461,215.733615,347.357539,213.558153,231.785462,206.102231,220.115077,219.494461,209.779153,230.680308,219.219923,279,216.707615,223.069538,223.867153,250.340616,325.514769,250.513846,187.39877,622.731154,321.116846,274.707385,240.682154,327.59423,181.067385,256.464923,153.002385,327.650539,263.623461,198.295154,231.387692,209.474077,204.232923,227.910231,259.329846,343.984846,149.813231,363.118385,434.544077,202.392,236.555693,206.700231,228.518538,215.439077,224.737154,378.149231,226.089769,212.323769,220.279385,277.743462,220.466153,219.799461,216.923692,391.104846,215.200308,220.167154,165.780538,155.250846,284.297231,280.706539,126.794153,304.958154,266.649154,232.877539,223.659692,233.394539,242.048923,341.429308,219.957846,229.800923,258.344231,171.506385,219.175692,221.272923,363.334077,258.920384,260.084847,215.855,219.825538,218.889231,222.540616,273.258539,395.22,210.449461,232.107692,152.896308,275.229923,218.634077,222.950154,218.532308,371.330692,344.675769,234.397923,207.548692,224.228308,301.733,292.734231,203.822154,300.082846,222.940615,218.130385,211.319384,254.875308,202.988615,217.310769,220.755385,416.425616,231.231,234.114539,207.000923,256.006231,236.148077,328.140615,219.911692,271.69077,388.274077,220.763,269.793231,234.902384,209.337,236.963923,210.969462,248.821615,952.68523,217.903385,160.741615,342.329616,215.864539,219.203923,219.126154,221.471923,302.459461,196.968077,261.175077,337.526153,220.643769,221.331462,211.689,224.529154,220.293769,444.958846,91.774076,343.243385,301.980308,196.703385,418.272923,669.269616,644.678154,190.97877,219.581539,275.158846,502.431923,324.009307,218.931616,442.322385,217.767769,148.780384,187.198154,322.993538,222.603384,211.408923,225.406231,344.775462,131.883693,285.016615,341.438461,217.666461,217.769846,203.551461,121.414077,431.229307,406.954846,222.618769,372.59177,226.405769,216.201154,219.512,219.767308,285.922231,211.207462,235.365538,215.314077,452.62,207.598154,219.026154,351.588692,241.516692,197.552616,308.021231,265.370077,329.590154,222.732385,137.023385,373.363461,208.488307,217.960615,212.380308,387.893847,221.473615,216.568615,229.358154,213.117461,217.890154,91.779077,194.934462,214.184308,353.338692,245.768923,173.356539,291.509924,458.058462,263.963154,443.265307,322.207615,267.690154,296.496308,381.069539,277.811615,348.374462,731.286385,218.170692,468.667384,367.675154,698.381154,204.450847,237.062539,378.865539,219.401539,165.933846,198.584077,285.837846,155.008077,167.831923,396.522462,382.300923,223.742846,213.002769,221.171077,270.993769,238.814769,226.490769,209.066462,374.061001,195.423,249.931769,216.043462,256.092,241.026769,273.389308,194.435385,352.722153,221.974076,219.388308,258.197308,253.861,209.884846,221.743616,216.966462,230.255308,367.259307,218.961461,224.648923,219.499692,340.228923,319.081769,316.095616,232.864077,175.021231,216.535692,215.639077,228.081154,208.761846,222.674769,233.400308,503.078384,309.309616,284.505154,229.161538,373.037153,156.285538,152.637231,560.213231,270.066847,248.471923,365.118153,220.10977,190.116538,247.732923,262.860615,231.963308,230.072923,207.219077,387.201615,122.576538,204.251692,309.869847,234.295693,242.329231,205.896538,219.668,303.911462,197.783462,222.948077,256.497231,320.440615,241.840308,230.128616,221.156692,401.534538,243.514846,213.652385,205.038461,301.297308,226.800308,221.878461,209.768231,290.762462,315.332385,213.884846,228.809539,233.064616,200.739,172.917308,337.588538,368.148692,219.884616,219.912307,480.350153,222.165,611.385153,283.095615,213.735692,230.429538,218.565461,363.318846,351.40977,201.526693,342.723384,222.841923,259.910769,254.825,635.414077,409.613615,235.685769,433.755307,186.618692,476.234769,213.869846,913.889923,346.914692,127.633154,1333.655692,166.325308,236.892,215.343615,353.847385,270.586154,253.617231,238.104231,396.629538,176.609538,219.179077,221.351,284.718461,376.963462,215.668692,504.927385,226.660384,223.309154,217.431,369.241461,219.635077,220.484,353.304231,307.283923,219.041616,220.206769,218.356231,220.629923,219.545307,225.980923,630.026231,124.664923,188.311693,207.518462,230.616308,216.028616,226.147615,371.071308,295.335385,208.975385,224.331,217.186154,373.752077,157.402385,282.773538,128.075154,343.811385,416.457539,212.637923,266.025539,244.595385,212.888384,236.31323,296.326462,278.097231,200.336385,242.874385,343.61323,331.215308,204.820538,229.798539,224.088308,134.712307,296.604385,212.506461,200.478692,260.323154,181.656076,239.092308,220.123615,219.661154,221.169154,221.492,254.050077,404.229462,96.168692,300.505231,273.222847,273.843385,207.370769,239.394461,209.677154,380.671769,231.051384,216.583462,211.883461,192.980615,249.297231,220.599616,216.098384,223.860846,276.242769,219.086692,220.776615,214.783461,385.142769,219.439462,138.379693,309.660923,368.67777,284.495385,241.910461,214.413923,210.570693,302.02,395.796923,421.942154,224.379077,413.455769,222.149154,212.253462,221.151001,221.703384,402.970154,333.079693,240.12423,368.213,263.206154,380.347077,214.059384,295.820615,217.296616,361.976385,264.541154,222.502077,174.022231,215.541615,232.605308,287.545539,209.170077,238.180308,211.449461,294.356615,289.377462,217.497538,228.771153,230.94,201.845846,218.936,271.169846,339.624384,269.572385,229.967077,264.460923,237.425615,218.689769,208.232077,230.534769,371.037461,217.616231,223.468692,170.47723,272.270231,223.407384,129.775769,302.189231,218.846154,290.841,219.389846,229.942231,211.685538,250.776846,218.094692,205.179692,374.648,231.184385,188.064,222.794462,220.911077,261.592077,240.170154,228.788,220.110077,365.697231,221.291308,308.669231,454.191923,341.411001,213.860616,219.749,253.313538,233.798769,1458.103693,607.507384,205.842461,278.811692,210.852615,392.576615,543.235692,341.289461,842.078154,578.630462,555.084077,217.840846,215.597,309.100384,235.38,354.04,204.523923,283.407385,223.175154,209.011769,223.205307,437.633846,237.195,245.08677,340.928,132.960308,171.257154,371.997539,273.052616,209.938077,226.857615,237.459692,192.134154,244.406154,196.650077,213.227077,236.104077,443.475616,159.205307,225.340846,208.318385,226.247923,210.033154,220.937846,222.026462,135.600923,359.516,219.707693,240.257538,210.275615,371.714539,219.132077,222.150077,219.705308,294.517308,208.530461,234.397846,220.056,228.427,254.497231,379.827385,328.543384,152.378461,216.131385,360.952615,254.350462,234.82923,210.503,223.477769,380.389538,225.808077,94.738154,335.248923,427.028,116.093539,171.720846,220.903384,228.945231,211.98623,232.86,219.875077,205.224,385.73377,217.138076,223.963077,274.565923,216.873769,225.906846,215.509231,230.281154,373.034769,228.365538,215.075769,216.939923,228.003616,220.771,213.815077,216.586154,227.808615,266.097539,227.999,268.365769,210.478077,340.086769,219.929538,220.434461,428.471154,111.459461,344.075077,165.745847,312.376615,44.462769,359.711923,213.763769,217.804923,230.292,211.343077,222.954769,219.852923,283.316616,205.338461,221.998385,258.080307,347.39577,130.92577,188.457461,342.025538,343.948846,332.232385,1255.612846,465.140923,358.118154,213.250231,217.057307,228.757616,212.737231,220.306846,231.937539,304.037,344.438384,222.033847,217.472539,264.062462,235.145154,220.630385,215.157539,384.100846,257.457615,194.446846,211.522462,218.905,219.795385,220.368231,217.241539,217.754538,443.236616,222.033231,219.911,289.006462,203.487077,230.337153,225.854385,387.516308,520.25323,229.680307,335.806769,222.875769,211.856692,210.230231,237.509231,196.518846,117.286461,337.464923,285.998769,202.85777,230.668616,225.373615,206.328308,387.847154,222.730077,218.228384,193.53177,246.573308,221.253539,286.671616,212.522462,176.560538,84.980846,198.803308,217.331923,332.318461,305.794539,214.684,231.373539,217.069307,387.373231,211.217923,227.807077,206.992692,298.974384,200.055154,224.379385,233.737616,236.381615,236.964,337.476539,221.741231,263.138231,160.417539,246.599923,206.261,159.539462,282.491154,215.146462,222.782769,224.943077,289.780077,197.253846,228.370231,231.08,317.355154,339.810153,222.191384,210.897539,211.578231,229.463692,213.843076,234.777846,367.987077,219.810539,219.798769,276.050077,225.938769,222.056077];265.6041396829999;44.462769;1458.103693;114.52982549308226
2;1768844813809;RTT - Ping Emission: SERIES - N.Pings: 100;0a3f31673eb194e8;5CTP;P2P_STAR;SERIES;100;[495.165231,238.214385,223.979077,305.032,144.097231,220.895693,241.828538,356.013539,239.084538,201.030538,220.602846,218.966769,749.102462,188.813539,244.472923,194.548615,218.366461,227.313616,378.961231,229.483615,209.473308,155.386231,409.19077,316.274077,226.293231,211.949,274.613539,249.182154,203.790077,222.198462,252.456385,198.661154,210.734154,271.877539,260.081539,96.956,291.934461,146.089538,123.358769,354.223308,225.320539,153.176615,241.072538,136.148077,359.598769,223.923308,127.082077,187.904,134.529616,244.688923,143.225,133.209307,199.576615,128.041154,229.159153,203.791384,208.81177,125.724616,265.877539,139.326385,261.839692,132.140846,229.101,140.650231,199.631693,299.083693,122.629539,124.316076,199.864308,143.011154,174.041769,208.928616,191.677846,155.876615,200.563307,115.718154,122.613616,246.933847,134.67077,203.654461,124.273,255.185923,198.905,182.893308,120.414385,192.861846,118.001847,126.067692,351.855,212.160307,208.459461,205.219615,110.856846,210.553461,190.333231,177.235385,145.368615,250.107693,242.584384,186.896539];214.48064698999994;96.956;749.102462;88.40472177086487
3;1768844896712;RTT - Ping Emission: SERIES - N.Pings: 10;0a3f31673eb194e8;5CTP;P2P_STAR;SERIES;10;[212.921308,206.469924,95.706461,183.378077,226.096846,119.788923,196.20377,187.211385,189.345308,145.921];176.3043002;95.706461;226.096846;40.09772039821656
4;1768844901909;RTT - Ping Emission: SERIES - N.Pings: 10;0a3f31673eb194e8;5CTP;P2P_STAR;SERIES;10;[372.621231,236.161615,126.558154,205.219077,125.271615,283.938077,127.303077,233.393,126.402462,222.204308];205.90726160000003;125.271615;372.621231;78.17751221107594
5;1768844907308;RTT - Ping Emission: SERIES - N.Pings: 10;0a3f31673eb194e8;5CTP;P2P_STAR;SERIES;10;[278.704,178.542462,134.107384,127.054693,268.172538,234.217923,184.049539,194.98123,225.534154,193.622769];201.89866920000003;127.054693;278.704;48.03350841683619
6;1768844912090;RTT - Ping Emission: SERIES - N.Pings: 1;0a3f31673eb194e8;5CTP;P2P_STAR;SERIES;1;[256.283];256.283;256.283;256.283;0.0
7;1768844915989;RTT - Ping Emission: SERIES - N.Pings: 1;0a3f31673eb194e8;5CTP;P2P_STAR;SERIES;1;[269.321616];269.321616;269.321616;269.321616;0.0
8;1768844918039;RTT - Ping Emission: SERIES - N.Pings: 1;0a3f31673eb194e8;5CTP;P2P_STAR;SERIES;1;[164.705308];164.705308;164.705308;164.705308;0.0
9;1768844922869;RTT - Ping Emission: SERIES - N.Pings: 1;0a3f31673eb194e8;5CTP;P2P_STAR;SERIES;1;[478.836231];478.836231;478.836231;478.836231;0.0
10;1768844926301;RTT - Ping Emission: SERIES - N.Pings: 1;0a3f31673eb194e8;5CTP;P2P_STAR;SERIES;1;[193.407693];193.407693;193.407693;193.407693;0.0
11;1768844928352;RTT - Ping Emission: SERIES - N.Pings: 1;0a3f31673eb194e8;5CTP;P2P_STAR;SERIES;1;[184.166385];184.166385;184.166385;184.166385;0.0
12;1768844930851;RTT - Ping Emission: SERIES - N.Pings: 1;0a3f31673eb194e8;5CTP;P2P_STAR;SERIES;1;[532.267385];532.267385;532.267385;532.267385;0.0
13;1768844937398;RTT - Ping Emission: PARALLEL - N.Pings: 1000;0a3f31673eb194e8;5CTP;P2P_STAR;PARALLEL;1000;[141.883385,195.604,201.628077,260.248923,394.87423,396.086692,397.511692,399.74677,400.558384,402.028307,403.846846,415.490154,435.563385,467.284616,475.747615,554.040538,560.434769,565.470231,570.945846,581.227615,586.071615,587.625538,588.575923,591.097846,594.400385,595.565846,596.203692,613.914846,618.195154,628.999923,740.390846,742.706154,744.432616,792.141846,802.856538,804.029154,804.848308,806.655769,812.969538,813.722077,814.209308,816.258847,816.54,818.269154,818.564615,819.056539,821.285538,821.931308,825.266231,827.858538,847.319769,853.060616,889.743077,893.749154,899.979077,907.916847,917.340077,921.723924,932.514769,948.645616,951.704385,961.931077,964.371385,971.715923,980.389769,994.064924,996.397847,1005.987692,1027.173308,1033.856539,1043.819,1047.962077,1149.968,1152.549539,1154.861231,1155.571692,1157.392923,1157.986154,1160.534154,1161.559615,1162.282462,1165.896308,1166.236539,1166.699616,1168.342462,1168.540693,1171.626846,1203.727154,1206.217154,1208.310231,1231.633538,1265.422538,1275.008077,1287.378231,1311.509462,1317.555308,1326.229923,1334.187308,1345.550462,1353.227692,1361.42677,1369.760539,1371.049462,1373.977538,1388.036308,1390.700615,1405.652846,1426.663769,1529.371384,1529.812538,1531.522384,1536.526539,1537.218231,1537.863923,1538.667693,1540.147077,1541.233846,1541.381539,1541.569615,1542.020923,1542.281154,1543.287077,1543.808307,1544.536385,1545.437539,1546.954692,1547.742846,1548.930462,1549.101846,1550.593231,1553.742385,1569.214077,1570.996,1579.964307,1590.798769,1607.233231,1624.722769,1800.429308,1800.813769,1801.072692,1801.759077,1804.12,1805.030692,1805.336077,1806.320539,1806.580539,1806.983077,1807.597231,1808.832924,1809.033538,1809.399692,1809.754461,1810.901539,1811.54277,1812.308308,1816.555077,1816.824693,1817.337538,1819.603154,1819.858769,1820.358769,1821.179924,1822.486077,1822.974769,1823.577539,1923.343385,1925.880077,1932.544,1938.083,1942.407923,1944.919615,1948.563692,1951.675077,1954.026153,1957.543385,1959.988923,1963.376539,1967.249923,1970.439923,1972.357923,1974.713231,1979.193231,1982.092308,1983.669,1986.391308,1987.099307,1988.531692,1988.766385,1988.832,1989.581616,2002.719769,2033.946384,2037.583769,2059.454461,2070.886769,2086.095693,2103.90623,2112.443154,2121.566692,2131.705538,2146.783154,2153.343615,2163.146385,2179.148539,2180.722385,2284.871923,2286.852615,2287.034769,2287.514462,2288.329846,2289.213538,2290.932616,2295.881615,2296.202462,2296.992616,2299.344,2324.260846,2330.912693,2346.225846,2353.829615,2355.733539,2369.889923,2383.79477,2398.353231,2437.766846,2449.432539,2456.500308,2471.225231,2476.638692,2479.893231,2481.556308,2483.331077,2486.393846,2494.460846,2508.845538,2514.161231,2519.617539,2534.744693,2539.628924,2546.169538,2548.813154,2550.988308,2561.493308,2736.252385,2746.115616,2756.211077,2758.053539,2760.937923,2764.001923,2767.201615,2769.827077,2773.019461,2775.347769,2777.164923,2779.151461,2781.526693,2783.085539,2784.651384,2787.394462,2790.224307,2791.813231,2793.542154,2795.866077,2798.760923,2800.464308,2801.568924,2803.120847,2814.199616,2824.491692,2833.869539,2837.872,2842.75777,2854.08,2859.067384,2876.975308,2883.042769,2888.095769,2902.060924,2910.048615,2914.242461,2978.700923,2981.951385,2982.426154,3069.000385,3072.252923,3073.847384,3078.048,3080.377769,3087.835769,3088.668616,3089.044,3089.512384,3090.338693,3091.247154,3091.435385,3093.058385,3093.337461,3095.304923,3095.763616,3096.188924,3097.050769,3097.556923,3097.955,3098.826077,3100.848616,3113.594769,3119.352308,3156.061462,3159.607384,3165.349924,3178.371693,3181.320308,3197.332538,3208.468,3225.484846,3241.639077,3249.244539,3264.574769,3279.559,3298.914077,3310.081538,3419.468924,3421.017308,3422.289923,3423.101539,3424.177616,3427.060539,3427.264231,3427.47577,3428.289154,3429.352923,3429.764385,3431.467077,3445.150155,3445.697846,3454.471462,3461.706154,3476.137538,3478.201538,3485.464231,3502.867308,3544.26977,3547.191077,3548.864231,3550.899077,3585.628923,3586.941154,3589.402385,3621.920231,3623.884077,3624.302154,3722.566462,3727.895693,3731.235692,3732.747,3734.029538,3735.863384,3737.617,3739.021846,3741.749231,3800.167077,3802.169308,3802.459385,3804.282231,3807.78177,3808.003308,3808.118769,3810.384616,3814.681154,3815.906539,3817.732077,3818.696308,3819.956539,3821.938462,3824.349231,3826.912308,3829.650462,3832.247385,3833.937538,3834.984077,3836.860924,3838.614231,3839.296231,3842.453,3845.163078,3847.599692,3849.992231,3851.30277,3853.704615,3856.169538,3857.355693,3860.698847,3862.939385,3864.960308,3867.092077,3869.358231,3873.486462,3881.554847,3894.930154,3897.356,3900.019923,3902.188077,3907.439692,3910.023693,3914.079077,3916.352077,3923.280616,3926.570154,3931.049615,3936.530231,3958.766385,3960.626693,3962.539155,3965.918231,3973.455154,3978.012693,3980.129231,3982.782462,3984.589308,3987.957462,3994.457539,3997.596308,4009.737001,4014.470154,4017.468308,4021.629231,4024.241538,4027.534462,4032.191308,4034.507077,4041.21477,4059.214461,4068.517846,4078.874077,4081.849231,4085.177231,4088.627462,4089.288001,4179.614385,4183.644846,4189.206462,4195.860001,4202.480923,4208.145846,4211.996923,4213.242231,4217.050154,4217.296308,4217.700385,4217.938077,4218.392616,4218.831923,4218.988923,4219.149154,4219.372307,4219.810154,4220.108538,4220.626077,4221.599385,4223.236077,4223.560001,4223.652923,4225.058231,4225.152077,4225.751385,4226.276923,4226.738154,4227.090462,4228.349539,4230.362462,4245.769539,4246.499385,4246.647769,4260.584923,4262.228616,4264.485231,4266.718769,4269.150231,4278.153539,4280.572308,4285.424538,4289.703924,4324.188693,4327.453769,4330.381307,4333.369231,4340.255154,4342.640693,4343.925923,4347.451923,4351.326846,4355.249539,4357.380385,4358.353846,4358.842077,4364.952615,4368.604,4369.126538,4371.142693,4377.079154,4380.754693,4387.578692,4391.665539,4396.557846,4401.248539,4403.231154,4408.842847,4414.406539,4428.601308,4430.540308,4433.708616,4437.216615,4439.07377,4440.594231,4458.704,4576.817538,4580.533539,4583.578462,4586.712231,4591.432923,4594.564,4602.734385,4604.587923,4606.638077,4608.440692,4610.165154,4613.479385,4623.135385,4624.920846,4626.982462,4629.281923,4631.114231,4634.871693,4637.288846,4640.345231,4642.584924,4644.646231,4647.161539,4650.733,4651.887462,4653.695923,4658.158385,4660.635385,4663.280231,4666.461538,4668.268001,4669.699923,4671.824846,4673.288846,4674.725154,4676.278385,4727.684231,4731.041231,4741.483615,4746.494231,4751.234154,4751.552,4752.909539,4756.328,4758.734154,4761.406385,4763.967462,4765.988615,4770.161001,4771.874692,4773.352924,4774.875616,4776.772385,4778.900539,4782.849923,4783.043924,4783.270847,4783.422462,4784.140616,4784.907,4785.78,4787.501231,4788.664846,4789.450692,4789.968,4790.516231,4791.206539,4792.515077,4794.488308,4794.670769,4795.193231,4795.814847,4797.191078,4797.505846,4797.896,4798.503385,4799.295693,4807.342385,4809.212001,4810.920385,4812.032616,4814.513308,4819.709616,4825.16777,4927.023385,4930.179615,4932.458154,4934.498077,4936.080923,4940.040385,4944.02777,4947.881615,4951.702155,4954.88,4957.318154,4959.111615,4960.686461,4962.469769,4963.642769,4965.331154,4966.263077,4967.846384,4969.430769,4972.544616,4974.834155,4975.927077,4976.714539,4977.417154,4978.643,4980.859462,4982.547924,4983.927001,4984.712923,4986.761539,4988.254461,4989.308308,4990.451078,4993.464308,4997.076077,4999.356539,5016.132231,5016.615385,5018.278846,5019.129,5024.179923,5028.589,5034.95477,5052.689923,5053.666693,5053.970385,5057.557308,5077.120693,5079.626847,5082.642539,5085.850769,5089.361847,5093.437001,5095.951,5100.388231,5104.871077,5109.752077,5113.932692,5118.299155,5121.719078,5136.775385,5139.984385,5144.233538,5149.359924,5153.659924,5158.253462,5163.418462,5175.779077,5180.15577,5186.544308,5189.280001,5194.342231,5197.421231,5200.752924,5203.250155,5206.757846,5211.839616,5214.681539,5217.143001,5315.535385,5319.13177,5323.787078,5327.236616,5331.819078,5336.198385,5338.679385,5346.398231,5353.763769,5357.554462,5361.071385,5364.258769,5366.642539,5373.487616,5375.158461,5376.840539,5379.296231,5381.164539,5383.229538,5383.957539,5385.256923,5386.643385,5388.244616,5388.960693,5389.811001,5390.378154,5391.29477,5392.216846,5392.443,5392.873847,5429.157846,5433.79877,5435.296001,5439.46977,5444.674693,5447.097231,5449.002846,5449.930846,5451.016616,5451.518077,5453.169154,5453.779616,5456.175693,5456.409847,5457.000308,5457.910231,5458.328308,5459.049846,5459.654539,5460.657308,5467.08177,5479.886461,5482.189769,5492.449001,5497.163615,5502.425231,5504.577539,5527.510154,5534.668077,5537.079461,5539.326154,5543.62,5545.692001,5553.631462,5556.297539,5558.293308,5562.895693,5564.175692,5566.304308,5567.572385,5568.732308,5569.485615,5570.402155,5581.686693,5712.258385,5715.771308,5718.074154,5722.779692,5725.56277,5730.170462,5733.428539,5737.632308,5743.687923,5748.168924,5749.787616,5751.767693,5754.363001,5763.095154,5765.143078,5771.113308,5772.385539,5774.145847,5774.408923,5774.524308,5774.610077,5774.680308,5774.772,5774.842077,5774.913462,5777.799462,5779.321923,5779.578846,5779.668308,5779.709308,5779.841846,5779.971923,5780.233308,5780.489616,5781.281308,5781.563385,5782.207077,5782.772,5783.140846,5783.398847,5783.641923,5783.984693,5784.265846,5784.742154,5785.179077,5792.964308,5793.263308,5798.095616,5798.427385,5799.218154,5801.660693,5802.699308,5806.607385,5808.766231,5814.193924,5818.256,5823.126462,5829.694154,5840.957308,5846.248077,5846.636077,5848.395693,5852.626539,5855.353847,5859.211077,5884.884077,5888.864231,5895.065231,5897.988385,5899.981231,5901.355923,5903.831154,5910.335,5912.71077,5915.922462,5919.588077,5922.307385,5926.826077,5932.716308,5935.591,5938.435077,5943.809847,5948.245846,5962.470231,6060.5,6063.637616,6066.788615,6069.582769,6071.239385,6073.501539,6075.794769,6078.921231,6081.003308,6083.387924,6085.616385,6089.436078,6092.43477,6094.738462,6096.268231,6099.322231,6101.843154,6104.266154,6108.473846,6113.554769,6115.577539,6120.077846,6121.575462,6127.935154,6132.435308,6135.724616,6137.084616,6139.917846,6143.946154,6145.245462,6147.262692,6150.888385,6153.549846,6154.071385,6155.682769,6157.028,6160.150462,6160.325155,6161.124385,6161.810692,6162.384308,6163.724616,6163.937923,6166.478231,6172.142231,6186.144923,6186.222078,6202.718078,6202.894462,6204.134078,6205.202693,6207.48977,6209.014692,6221.728616,6227.297462,6230.580385,6234.852616,6239.583309,6240.952231,6242.493308,6245.725231,6259.962539,6265.731462,6270.770693,6274.868385,6277.344693,6280.106077,6282.607,6291.451462,6294.461231,6297.503154,6301.965308,6314.727693,6318.333615,6318.553231,6318.652001,6318.954462,6322.503385,6325.941846,6436.92,6439.421,6442.072616,6444.501847,6446.962154,6453.282693,6456.400308,6458.684308,6460.870231,6465.58377,6466.63777,6468.528001,6470.064847,6470.600924,6470.990769,6471.238847,6472.629846,6472.681231,6473.196231,6474.457,6474.977001,6475.024616,6475.494462,6477.296539,6477.484001,6477.628308,6478.358692,6478.801462,6479.489231,6479.616616,6479.724308,6493.920924,6496.06677,6497.379154,6498.412539,6502.374154,6508.527077,6512.85477,6517.931077,6524.251077,6532.185539,6536.842693,6560.726154,6563.895769,6568.242462,6570.608232,6581.239693,6584.200923,6589.388615,6597.567077,6598.845231,6706.006385,6707.242385,6708.994693,6710.273231,6711.432308,6713.070231,6714.880231,6716.631385,6718.351462,6719.587308,6720.924077,6722.456615,6723.902769,6725.303693,6727.069539,6728.588616,6729.682769,6730.882692,6732.022538,6733.134462,6829.689,6831.654769,6836.193462,6839.339077,6842.728078,6845.286769,6846.987923,6848.890462,6851.003616,6852.866462,6858.059154,6861.010154,6864.545,6868.153462];4107.024241145001;141.883385;6868.153462;1795.3569364030666
14;1768844997297;RTT - Ping Emission: PARALLEL - N.Pings: 100;0a3f31673eb194e8;5CTP;P2P_STAR;PARALLEL;100;[220.611462,338.707616,341.828,345.062385,366.309539,391.536385,397.003077,411.682461,427.172,562.336539,568.811385,571.262231,575.680923,581.340693,585.033154,589.866154,590.566846,598.076307,599.870847,603.511462,607.374231,609.652692,612.647692,615.003308,617.801769,630.792307,635.747615,640.628616,645.972077,661.300308,665.760923,668.290462,674.790154,682.160308,684.655385,698.656385,701.615693,705.603385,708.974462,714.028308,726.563307,728.624077,730.767,732.735308,735.086846,738.459923,746.987384,752.118077,756.035615,758.525231,761.228693,763.296385,866.993461,870.037846,873.503462,875.78777,881.383615,884.369616,887.989154,892.830462,896.627384,900.145846,903.039154,906.507385,910.950692,913.783693,917.796846,922.704231,925.015384,927.601308,932.941,935.27377,938.155385,940.238769,942.671307,944.774231,948.919385,950.563154,953.370462,957.859077,960.491,964.676,966.656846,974.066693,975.133461,976.408616,978.659385,979.551154,980.328693,981.336,982.703077,983.465462,984.400231,985.791308,986.724307,987.508615,988.426693,989.536077,990.725616,991.987923];769.8856439799996;220.611462;991.987923;192.29719376437495
15;1768844999913;RTT - Ping Emission: PARALLEL - N.Pings: 100;0a3f31673eb194e8;5CTP;P2P_STAR;PARALLEL;100;[59.778077,72.676308,85.056539,249.190692,251.986847,255.318231,257.106077,258.489539,260.195616,261.757615,263.186153,265.185538,265.775385,267.588923,268.721846,269.132307,270.405,271.875154,272.307923,273.336538,274.235693,275.589231,276.884308,277.980077,279.343769,280.057461,281.865539,284.149846,285.570077,287.339384,289.015693,290.640923,291.83977,293.680923,304.278539,376.304308,378.442231,381.214846,388.361539,393.001231,401.114538,412.095693,415.953154,417.961846,419.588001,434.786153,438.282692,447.54177,451.211384,454.935693,462.400538,470.032385,578.09477,583.091077,587.906153,589.950769,593.216,596.057461,599.554385,604.271077,609.02,613.248923,616.545231,619.356693,622.230846,624.861154,627.575,629.914769,632.673154,635.416,637.051692,638.776923,640.385154,642.094846,644.148,646.318769,647.94677,650.572538,651.894539,653.472616,655.498769,657.322692,659.266154,660.680308,662.664231,663.866231,665.509616,668.042462,669.893846,671.892077,673.736308,674.266077,675.496308,675.867,677.193847,688.747385,693.457154,694.997462,698.625461,700.172384];470.17610624000014;59.778077;700.172384;180.88414612569113
16;1768845001948;RTT - Ping Emission: PARALLEL - N.Pings: 100;0a3f31673eb194e8;5CTP;P2P_STAR;PARALLEL;100;[211.699923,215.468846,218.079692,219.303,220.693847,222.916847,224.084,247.460538,251.384616,258.577846,261.859384,269.853846,287.565923,294.273231,301.793769,314.270769,327.860924,335.053154,447.941231,453.017462,457.211615,459.298077,462.24,465.592308,467.853231,470.085769,472.226692,474.083923,476.124846,477.949923,479.782231,481.308847,482.72923,500.420615,501.244,502.488231,504.777462,526.504231,528.027154,530.548307,531.698077,533.700384,545.877769,548.406077,550.580693,553.615,557.227077,566.716923,568.240923,570.735692,571.580077,587.836307,591.279076,594.365616,597.747308,599.095153,601.717,603.43477,605.681308,607.533616,609.280539,617.9,619.102769,621.654769,629.899616,631.528847,633.885231,652.544615,653.736,654.911154,656.663077,658.320923,665.461231,666.99877,668.976307,687.260616,689.035384,691.023615,692.601308,693.892308,695.794231,705.853846,706.846154,707.794461,709.188923,717.923693,719.507308,720.334077,816.233923,816.637308,821.829,822.824,823.756077,824.675076,825.153308,826.14523,827.118846,827.903154,828.579077,829.356384];554.5885554099998;211.699923;829.356384;173.71577421756137
17;1768845004078;RTT - Ping Emission: PARALLEL - N.Pings: 100;0a3f31673eb194e8;5CTP;P2P_STAR;PARALLEL;100;[296.306077,298.230538,300.077231,317.859154,320.768308,323.282846,375.146231,378.116231,382.366231,385.366154,388.858693,407.146693,421.453154,436.719769,455.164616,474.578077,497.791692,588.160615,592.14,595.461,601.918385,611.484385,615.185308,618.760923,622.618846,627.508384,632.031385,639.093308,643.128615,647.533846,652.71477,656.916923,659.516308,662.727615,666.271077,669.650769,673.110231,680.412924,682.691693,686.195077,690.435616,693.83023,697.030692,700.831461,702.278462,704.757769,707.19223,708.916,711.643385,713.275616,717.032616,719.42177,721.421846,723.891154,726.61477,728.402846,729.917615,732.109846,733.641538,735.155692,736.823385,740.704385,745.04923,748.452538,750.758231,756.134231,759.427384,773.954846,777.359154,780.252923,784.300692,788.427615,792.410077,795.371077,799.842846,804.086154,815.40677,819.884385,822.655693,826.168923,835.052308,839.004616,840.621154,843.018154,845.481231,847.606847,860.452384,862.291385,866.280308,868.060692,969.864,975.933616,981.596923,986.029923,988.089846,990.973462,997.118154,999.255154,1001.785923,1004.052308];695.02304163;296.306077;1004.052308;176.88709880360778
18;1768845006991;RTT - Ping Emission: PARALLEL - N.Pings: 10;0a3f31673eb194e8;5CTP;P2P_STAR;PARALLEL;10;[62.245846,171.691769,176.845231,182.367692,189.475076,199.713846,203.292308,207.454461,212.418693,214.706154];182.0211076;62.245846;214.706154;42.35558743723474
19;1768845008893;RTT - Ping Emission: PARALLEL - N.Pings: 10;0a3f31673eb194e8;5CTP;P2P_STAR;PARALLEL;10;[89.293154,113.345846,121.946462,123.074769,141.628692,144.159307,148.315692,159.535923,164.249308,169.100923];137.46500759999998;89.293154;169.100923;23.948712119749487
20;1768845011109;RTT - Ping Emission: PARALLEL - N.Pings: 10;0a3f31673eb194e8;5CTP;P2P_STAR;PARALLEL;10;[121.955077,137.667692,156.914539,159.626693,163.70123,181.912308,206.183384,215.145231,218.020923,220.181846];178.13089229999997;121.955077;220.181846;33.651964158595256
21;1768845013092;RTT - Ping Emission: PARALLEL - N.Pings: 10;0a3f31673eb194e8;5CTP;P2P_STAR;PARALLEL;10;[207.532307,339.442769,343.839615,348.088846,354.154231,358.636231,363.569615,370.102846,372.835,375.821];343.402246;207.532307;375.821;46.77933326296886
22;1768845015090;RTT - Ping Emission: PARALLEL - N.Pings: 10;0a3f31673eb194e8;5CTP;P2P_STAR;PARALLEL;10;[217.948616,221.736693,226.516308,231.503615,233.890846,236.315615,238.067077,240.508615,242.83323,245.965846];233.5286461;217.948616;245.965846;8.680645486454639
23;1768845019240;RTT - Ping Emission: PARALLEL - N.Pings: 1;0a3f31673eb194e8;5CTP;P2P_STAR;PARALLEL;1;[105.116538];105.116538;105.116538;105.116538;0.0
24;1768845021086;RTT - Ping Emission: PARALLEL - N.Pings: 1;0a3f31673eb194e8;5CTP;P2P_STAR;PARALLEL;1;[182.765539];182.765539;182.765539;182.765539;0.0
25;1768845023273;RTT - Ping Emission: PARALLEL - N.Pings: 1;0a3f31673eb194e8;5CTP;P2P_STAR;PARALLEL;1;[189.749846];189.749846;189.749846;189.749846;0.0
26;1768845025106;RTT - Ping Emission: PARALLEL - N.Pings: 1;0a3f31673eb194e8;5CTP;P2P_STAR;PARALLEL;1;[193.279923];193.279923;193.279923;193.279923;0.0
27;1768845031550;RTT - Ping Emission: PARALLEL - N.Pings: 2000;0a3f31673eb194e8;5CTP;P2P_STAR;PARALLEL;2000;[179.756924,195.635692,223.323615,245.509538,266.989231,285.34923,302.758462,311.071384,337.213769,350.939077,368.565231,485.219769,489.173539,492.481539,494.310769,497.862769,499.867384,501.615384,503.482076,505.690769,507.019461,508.247769,509.412,513.269154,518.277539,542.747,544.354539,553.029231,562.870384,582.051615,585.962769,689.056846,690.167769,691.921154,694.200077,699.159077,700.935154,702.998846,704.573538,705.721846,707.924077,709.791077,711.596615,713.169769,715.202153,716.137462,718.478077,719.89077,722.38623,723.604385,725.18,726.381538,728.323923,747.562769,751.387616,857.357846,858.703616,859.42677,860.169539,861.125615,861.636385,872.655923,873.150154,873.709308,874.696,884.344538,893.44,900.060077,919.646384,920.986154,926.750462,934.949846,939.640308,954.497462,969.308,970.620846,972.583,980.056616,993.932615,1009.848538,1027.357,1030.424923,1036.400923,1057.866461,1060.097616,1133.746154,1135.357231,1136.490769,1137.892,1139.84277,1141.519308,1144.275384,1234.627077,1237.252308,1240.303616,1242.017231,1245.563,1247.963077,1250.109231,1252.362077,1253.937231,1255.687615,1257.580231,1260.042462,1261.597,1262.535385,1263.790769,1264.716923,1266.103693,1275.100692,1277.75077,1287.118538,1298.104385,1307.469308,1361.935461,1367.382769,1369.584385,1370.497231,1381.865616,1382.312923,1399.253769,1414.668923,1436.086692,1464.015692,1476.797538,1484.112923,1490.978769,1512.540308,1684.943077,1686.55077,1686.738077,1687.177154,1688.362231,1688.864001,1689.249769,1689.789846,1689.927384,1690.171462,1691.431307,1692.217154,1693.414769,1694.40777,1695.438692,1696.510153,1697.359692,1699.505231,1700.658769,1701.770462,1702.260231,1703.015462,1704.363384,1704.723385,1721.941231,1727.219923,1742.648308,1768.497769,1780.141846,1791.286462,1801.988616,1810.366462,1823.775308,1858.360615,1863.159769,1884.000538,1885.864923,1887.166769,1896.739384,1998.346231,1998.691,2000.774231,2001.877,2003.179923,2005.012923,2006.442693,2007.950231,2009.126462,2010.865,2011.822846,2013.150769,2014.544077,2015.747154,2016.516,2026.377307,2040.611692,2041.72,2060.629461,2082.851308,2085.172539,2093.597846,2101.549231,2118.858231,2119.875,2122.975077,2134.346384,2153.367,2178.412923,2182.242231,2183.445538,2185.544308,2201.412308,2210.812308,2217.835308,2231.934692,2240.307385,2241.960616,2256.928846,2262.418538,2424.272,2426.389231,2428.137538,2432.362461,2434.329231,2434.920923,2435.218692,2435.343693,2435.483923,2435.586462,2435.654154,2435.721,2438.855693,2439.552385,2441.728923,2442.332,2442.870385,2443.21477,2444.342385,2444.711693,2452.170462,2482.144308,2489.525231,2490.458539,2527.525154,2530.863692,2533.133846,2536.147616,2559.482692,2568.373231,2691.136308,2697.512924,2698.870693,2702.547077,2708.105539,2710.294769,2755.445308,2758.659923,2761.395923,2765.328077,2766.590154,2770.683077,2775.111769,2776.089308,2782.367077,2786.088,2788.754231,2790.702385,2798.481847,2798.936923,2800.466077,2801.236,2802.330462,2803.232231,2805.339616,2808.133154,2812.507462,2815.621308,2834.262385,2837.587077,2857.669,2897.612077,2898.214846,2907.576615,2910.859384,2924.909846,2931.697461,2962.461616,2967.566769,2970.884308,2975.461231,2982.644692,2999.329308,3000.352231,3001.782154,3014.651462,3023.657308,3134.763307,3135.095154,3135.516077,3137.638539,3140.557538,3142.486384,3149.430231,3150.132231,3151.594769,3153.314385,3155.502692,3157.881308,3164.126847,3164.272923,3165.880308,3167.957847,3179.743923,3181.000308,3198.915615,3200.936385,3203.738154,3213.440923,3219.222077,3230.224077,3244.011924,3247.822077,3272.340538,3298.322077,3314.932385,3319.407615,3330.289846,3339.048385,3349.990693,3352.4,3365.954154,3370.745231,3375.177307,3381.245462,3406.527308,3414.003615,3414.576077,3415.856,3532.735385,3533.318461,3533.592384,3534.371385,3534.943001,3535.735692,3536.335385,3536.905231,3537.871,3539.218154,3540.209231,3545.493,3547.773538,3548.705308,3549.294693,3549.654154,3550.771461,3553.321539,3554.786077,3558.734461,3565.800616,3731.605001,3733.308615,3736.518461,3741.313154,3747.827692,3749.043693,3752.744616,3756.617846,3762.728923,3767.895385,3777.573231,3779.481,3785.164308,3791.885538,3797.107693,3800.641308,3803.842154,3805.510385,3807.364616,3810.359154,3812.556308,3812.951077,3813.508231,3814.216385,3815.695,3815.888231,3816.752,3817.670692,3818.980308,3820.904384,3824.700693,3829.362231,3831.645462,3833.148077,3834.897308,3835.756924,3836.496616,3837.643308,3931.199385,3932.141231,3932.533461,3934.012924,3936.721615,3941.117846,3944.265154,3944.56677,3946.696308,3948.634154,3950.275308,3953.630154,3954.925462,3956.133154,3959.429539,3959.953847,3961.083923,3962.809307,3963.84677,3971.788077,3982.507077,3997.099,4019.738154,4020.549846,4022.836,4035.916616,4043.777308,4046.982692,4051.101539,4063.237231,4076.023693,4092.346769,4099.902462,4119.841616,4120.405461,4130.6,4142.523077,4162.529847,4163.73877,4267.692692,4269.080924,4273.236923,4279.458154,4281.831077,4284.001846,4294.435077,4296.548231,4300.283078,4303.999462,4307.516923,4309.560308,4312.358154,4318.04,4320.313461,4324.794462,4327.726077,4330.716847,4334.35777,4335.776846,4338.702154,4342.690539,4353.448307,4354.252308,4358.002385,4368.396308,4380.721462,4386.390385,4408.781846,4413.024692,4426.700847,4437.451693,4455.168615,4458.130461,4471.980615,4472.786692,4479.176923,4485.594231,4494.522846,4501.763923,4526.291077,4530.937769,4534.136385,4539.438769,4684.884616,4694.791384,4698.118539,4699.678769,4722.499154,4725.748385,4738.906154,4744.810693,4749.405154,4753.032693,4759.55877,4762.686692,4769.257231,4773.86,4776.444385,4777.480923,4778.094154,4779.118539,4780.636615,4782.333847,4783.138385,4783.326385,4783.577538,4784.318385,4785.223384,4785.781846,4786.229154,4786.328,4787.397231,4789.542462,4789.968308,4789.941769,4790.14,4791.127462,4791.549846,4792.099462,4792.775077,4793.536308,4808.193231,4809.598154,4832.654462,4833.683923,4837.206462,4849.475692,4864.660692,4882.588231,4889.255461,4904.668231,4913.773923,5065.377231,5071.926231,5078.107077,5080.949154,5089.860616,5096.112616,5096.58277,5097.560077,5098.312616,5098.753231,5099.812,5100.434078,5100.837924,5101.674462,5102.215924,5102.802846,5104.833154,5105.238385,5105.609846,5106.326077,5108.008924,5108.547154,5109.101616,5109.925539,5111.107385,5111.961308,5119.279384,5126.278461,5133.794846,5136.446462,5142.965155,5156.958693,5172.209308,5189.196001,5195.072001,5198.679077,5204.697308,5213.196,5220.675,5246.232,5250.308923,5254.951769,5272.876693,5292.282231,5294.563154,5310.17077,5408.884615,5411.894385,5413.556384,5414.804,5416.442231,5418.307385,5420.007077,5421.375308,5424.010539,5425.397231,5433.606078,5434.660308,5435.152616,5436.630462,5436.997539,5437.715385,5439.799923,5441.296616,5444.145847,5444.453231,5444.798462,5446.557231,5446.725539,5447.38377,5459.615693,5477.225462,5496.627308,5516.593538,5521.97477,5534.683078,5537.591923,5557.918155,5565.246385,5569.957231,5678.514462,5679.949539,5682.069615,5684.232308,5686.411077,5689.523385,5692.890155,5694.884539,5697.768001,5702.379462,5704.171924,5705.027616,5707.003,5710.313231,5714.934384,5720.090847,5723.550769,5727.153539,5729.995693,5782.330539,5785.485308,5787.824384,5789.551078,5793.729538,5805.495154,5806.015308,5806.398155,5806.690692,5807.406462,5807.949462,5811.792078,5818.480231,5836.404846,5859.413231,5869.865539,5877.495462,5886.718462,5914.299077,5916.901847,5927.426231,5951.578846,5962.960924,5963.253846,5979.485923,5979.913539,6022.047154,6024.674385,6039.678154,6059.325538,6167.170078,6176.294693,6184.227462,6193.505231,6196.491615,6198.624308,6202.768923,6206.920308,6211.338077,6219.404615,6221.473231,6225.987001,6227.824616,6229.943461,6233.959923,6238.571692,6243.198155,6247.540616,6250.809,6256.219385,6261.691616,6264.618232,6274.370154,6276.342154,6280.959923,6293.581231,6296.985155,6302.259692,6311.226693,6314.185923,6320.604,6322.231692,6324.379769,6341.205924,6350.269847,6358.078154,6363.955385,6372.564539,6382.92277,6384.09477,6393.038154,6397.004,6399.425,6401.613232,6411.699077,6416.287077,6419.857308,6423.232924,6433.912308,6439.641616,6540.301309,6542.250462,6543.698155,6546.518154,6549.452693,6551.663,6552.936,6554.578385,6556.870231,6558.488616,6559.495078,6560.841847,6562.81077,6564.706078,6565.878847,6567.422462,6568.652539,6570.172308,6571.284539,6573.177846,6574.545539,6575.632923,6577.27777,6577.916846,6678.494693,6684.495692,6689.799924,6694.63177,6699.142231,6701.879693,6703.176539,6704.499155,6706.75377,6708.078846,6709.615308,6718.237462,6734.582538,6736.642231,6741.232847,6758.948231,6768.779077,6771.248616,6787.604615,6793.408,6802.20777,6822.296692,6922.58277,6923.133847,6923.233846,6923.732539,6924.559692,6926.114154,6926.295616,6927.263,6928.347616,6944.101231,6945.935616,6962.495154,6998.245231,7018.086154,7026.221462,7036.820308,7051.705001,7077.62577,7087.198385,7115.998231,7151.510846,7172.829846,7190.849308,7310.340924,7310.553,7311.173231,7313.672616,7315.279077,7315.616077,7318.503385,7320.061155,7320.243001,7321.626231,7322.026154,7322.527693,7323.734462,7327.857462,7344.44677,7358.90377,7380.739462,7414.033539,7421.04,7427.184847,7435.594769,7452.713539,7461.381231,7482.999001,7487.39077,7488.710154,7499.915154,7547.416923,7548.816847,7550.057309,7551.008385,7727.959385,7729.672539,7730.624231,7731.677232,7732.960539,7734.858462,7736.145308,7737.253,7739.091078,7742.274539,7743.947155,7746.442231,7748.069539,7749.756924,7751.941923,7754.395308,7756.947155,7760.950078,7762.371308,7764.221155,7767.318539,7770.049001,7773.039693,7778.008231,7781.507077,7794.665539,7796.846462,7799.160385,7801.86577,7806.571462,7814.080078,7818.095154,7820.954385,7823.424846,7839.983001,7843.654462,7848.036001,7849.223,7850.834231,7852.542232,7863.466462,7866.038231,7869.363308,7880.058769,7886.326539,7889.512539,7893.800923,7895.606539,7899.225847,7904.424923,7909.150462,7912.15077,7915.272385,7919.33077,7925.514154,7927.368923,7931.261539,7938.862462,7943.266385,7946.841231,7949.942539,7958.337847,7960.531385,8053.287616,8057.516924,8060.696385,8065.594769,8070.873769,8078.593846,8083.871462,8087.423078,8100.774231,8104.372078,8107.863385,8115.707923,8125.974385,8131.202769,8133.311077,8135.497539,8142.337539,8144.925847,8146.660923,8157.97577,8160.297539,8163.118462,8165.913847,8167.944923,8172.050154,8175.005615,8179.156308,8181.249539,8182.967462,8184.102386,8184.743693,8185.918154,8188.903077,8190.672231,8192.084846,8193.34277,8197.212385,8201.087385,8205.986385,8207.712846,8208.309231,8211.384924,8212.805616,8215.417309,8216.995924,8218.472924,8221.434154,8227.528385,8229.096846,8232.458385,8240.070077,8240.996924,8242.478693,8243.486462,8245.011693,8246.28,8247.552,8248.547077,8250.666385,8251.275385,8256.405462,8256.964078,8259.694078,8260.007692,8262.684308,8275.054155,8278.496847,8280.256,8282.535462,8300.317847,8302.840693,8306.230231,8309.819693,8311.804539,8313.717231,8321.441,8324.35077,8327.983309,8330.454077,8434.480846,8438.754232,8443.143386,8443.636,8443.835078,8444.418385,8444.876923,8448.792001,8449.057538,8449.937923,8450.124616,8452.084077,8452.936847,8453.080231,8453.148308,8453.512693,8458.322847,8458.906462,8459.526078,8460.209462,8460.776385,8461.250462,8461.885847,8463.194692,8463.455385,8464.320616,8464.668923,8465.739078,8466.19577,8466.806769,8467.660846,8467.779155,8475.000539,8479.982693,8489.607462,8503.238385,8505.196001,8512.965308,8519.875,8523.435308,8526.174539,8528.932308,8535.717231,8541.548616,8546.499693,8552.869847,8553.039385,8555.923077,8558.780923,8664.959385,8670.067769,8672.911308,8680.552616,8684.597539,8687.383078,8690.869232,8697.985231,8703.281924,8706.553847,8710.734154,8713.043078,8715.649231,8717.852616,8719.939616,8721.773846,8723.884001,8725.950155,8728.298155,8729.98277,8731.981001,8733.554462,8736.053463,8738.534693,8740.651693,8743.429539,8745.612078,8748.484,8751.308539,8754.700847,8755.427078,8755.964308,8756.015309,8819.426155,8821.855693,8822.201231,8825.009846,8826.349462,8826.885847,8829.591693,8833.910462,8834.528693,8837.001616,8839.871385,8842.486231,8845.485847,8850.057539,8852.479385,8858.533231,8860.552231,8863.275462,8868.305847,8872.767693,8875.687385,8880.466462,8883.911385,8885.991616,8887.227616,8887.974232,8888.719078,8889.93877,8892.880385,8893.525308,8894.445232,8894.598385,8894.636924,8895.289462,8896.075385,8896.731385,8896.486078,8896.570462,8896.431769,8896.404308,8954.431,8956.597231,8958.297847,8959.506385,8960.84277,8961.430846,8963.29477,8963.613539,8967.037539,8967.928386,8969.632,8973.75877,8977.167308,8980.838769,8985.265231,8988.363385,8989.978154,8991.222154,8993.157616,8995.688924,8995.977847,8997.342386,8999.427923,9001.073154,9003.705232,9014.957232,9017.170154,9019.181847,9021.161001,9023.953308,9029.219001,9031.771693,9035.208847,9038.523,9043.181231,9046.792385,9051.243001,9056.154693,9060.032,9064.236693,9068.633232,9071.442155,9074.284923,9078.819924,9177.227462,9185.784078,9188.04777,9189.997846,9193.404308,9197.725924,9203.02677,9204.321539,9208.916385,9211.449616,9213.761231,9216.264539,9218.822462,9219.804693,9220.430693,9221.27077,9222.729923,9224.044308,9225.769539,9226.665923,9227.733924,9229.076692,9230.401154,9231.393616,9233.255078,9234.404308,9236.474539,9238.572385,9240.799154,9243.145232,9247.740308,9252.575385,9255.992231,9261.721,9264.316616,9266.108001,9269.759462,9274.168386,9279.272077,9282.779692,9287.098385,9293.295,9296.923154,9299.194846,9301.947078,9305.570154,9311.252539,9317.619616,9321.543155,9326.683308,9328.458154,9337.891693,9343.292231,9346.44,9348.871154,9351.820924,9353.11177,9359.278693,9361.54977,9375.974693,9377.793231,9379.989924,9381.51877,9389.890155,9394.571462,9397.312231,9404.961924,9412.158155,9416.151308,9421.257539,9429.454462,9432.086155,9435.430462,9438.447385,9452.213539,9455.07777,9457.111923,9649.781232,9655.427385,9658.964308,9661.893616,9665.409847,9669.393539,9672.796308,9681.203616,9684.732923,9687.515,9690.080078,9692.052923,9694.01077,9694.989846,9697.126462,9698.331308,9699.304923,9700.217,9701.128539,9702.757539,9703.749847,9704.719693,9705.347309,9706.308,9707.207154,9708.131693,9709.622232,9711.526847,9712.283386,9712.873616,9713.410693,9718.323693,9723.384231,9723.855924,9724.490154,9724.897539,9725.280846,9725.642846,9726.232616,9726.579154,9727.223154,9727.780923,9728.821539,9729.713616,9732.105308,9733.186078,9733.997462,9735.252847,9736.194539,9737.497231,9737.694231,9739.004539,9741.817847,9743.089231,9744.623692,9746.436,9748.640847,9750.933231,9754.837847,9755.94277,9758.505231,9762.575693,9766.33077,9770.069846,9772.111616,9775.062231,9779.20677,9782.060077,9785.327693,9792.826693,9794.741539,9797.042385,9798.524847,9799.750078,9801.340539,9803.649232,9809.039385,9810.303616,9817.32377,9828.909463,9831.149308,9833.636,9836.254462,9966.794231,9969.521616,9971.355385,9973.752386,9974.242154,9975.842385,9976.666846,9977.486154,9979.339692,9982.395692,9984.748001,9987.013847,9987.784308,9988.948924,9990.495692,9991.516539,9992.700924,9994.843308,9996.688385,9998.707077,10000.318386,10001.373308,10003.488309,10006.57777,10007.476616,10008.334231,10009.185846,10010.177462,10011.320309,10012.247386,10013.217616,10014.151386,10015.115077,10016.559616,10017.297462,10019.053616,10019.787385,10020.522462,10021.496,10022.461308,10023.303385,10025.497539,10025.917232,10027.811078,10029.702231,10034.195001,10038.140847,10044.393923,10047.53877,10064.092232,10065.601155,10067.194154,10070.198155,10084.027385,10084.203462,10089.573539,10096.773539,10101.032539,10105.595616,10109.920001,10117.953001,10119.426154,10122.687385,10126.097847,10129.013539,10132.753539,10137.026078,10141.647385,10149.39254,10151.968923,10156.703385,10161.249539,10167.521924,10183.812923,10186.959693,10190.187385,10192.601539,10201.542693,10206.061231,10209.386077,10305.452616,10310.901924,10315.126539,10319.296385,10324.015462,10332.030769,10336.464616,10341.564308,10347.178462,10350.050693,10353.309231,10355.924847,10357.77377,10361.541309,10367.248232,10369.339385,10372.073923,10374.112232,10376.104616,10378.215693,10380.314155,10383.488924,10385.145539,10385.998462,10386.535386,10389.75777,10391.668001,10393.802154,10395.831692,10398.497616,10399.767693,10402.031616,10403.818539,10405.945847,10407.55877,10409.772847,10412.549539,10414.330232,10416.667078,10420.29177,10426.30377,10431.052308,10434.949847,10438.755462,10442.630462,10447.503078,10450.916,10453.28277,10457.725231,10462.356616,10466.358463,10470.13377,10473.175078,10475.629539,10478.540693,10481.037155,10483.977616,10486.927154,10491.519155,10493.380616,10495.787616,10498.455077,10503.357154,10506.697539,10513.282462,10522.971693,10527.124308,10629.545155,10631.242539,10633.599308,10636.476308,10639.678847,10643.393539,10645.929924,10647.956308,10650.582693,10653.315385,10655.523693,10657.700924,10676.58977,10678.476001,10681.463923,10683.623309,10687.427078,10692.645616,10696.475462,10700.298155,10705.527616,10708.465001,10709.699462,10711.911693,10718.748386,10722.080924,10726.047924,10730.837847,10733.749616,10738.217539,10740.096231,10742.649232,10744.416,10745.176924,10746.226077,10746.431077,10747.74,10749.327155,10750.041616,10750.321616,10750.891693,10751.576232,10752.620693,10753.767309,10756.120616,10756.232924,10756.332385,10757.219385,10757.816924,10758.042462,10758.207693,10758.663155,10766.447462,10772.255462,10773.189924,10775.045616,10776.984847,10795.030462,10796.521846,10797.330231,10827.429462,10828.999616,10832.560847,10835.915308,10841.359616,10849.037924,10855.323463,10857.967309,10861.017539,10864.896924,10867.314693,10870.815154,10873.834155,10877.202231,10879.890462,10884.878385,10888.012847,10892.327,10895.075385,10897.313232,10904.124539,10909.386846,10912.022154,10937.192539,10941.192,10944.584077,10947.787078,10954.139308,10956.612616,10960.946078,10966.725539,10970.487462,11064.33377,11069.094693,11072.83977,11080.687078,11083.77877,11085.933154,11090.444385,11093.991155,11097.229231,11099.616616,11101.20677,11105.430077,11107.361462,11109.596385,11111.861539,11114.387769,11117.171,11120.374539,11121.847693,11127.00977,11128.465154,11129.492308,11130.654231,11131.528231,11132.862231,11135.428001,11137.581769,11140.804231,11143.265232,11144.002078,11144.698154,11144.852232,11145.713539,11146.460616,11146.96977,11147.281539,11147.611693,11149.272308,11151.968847,11153.693001,11156.558155,11159.565,11161.299923,11164.045924,11202.929309,11206.599462,11211.192924,11217.564616,11226.806078,11230.257539,11234.974539,11237.952923,11240.357231,11244.975769,11246.75477,11254.071078,11256.178539,11261.251309,11265.402154,11266.772847,11268.195923,11268.639693,11271.043154,11271.470155,11272.10777,11273.332231,11274.102539,11280.622154,11297.364846,11304.448385,11306.307616,11307.25477,11307.811077,11308.563077,11309.376693,11312.702847,11325.846693,11430.92,11432.674693,11436.755,11436.905231,11437.341308,11437.739078,11438.233231,11438.618847,11441.181155,11441.573309,11443.573539,11443.81877,11444.067,11444.134154,11444.978846,11445.275693,11445.672847,11443.816616,11444.667693,11444.81877,11445.195001,11445.617154,11445.993539,11446.918078,11447.401539,11449.052616,11449.432616,11449.691078,11449.584616,11454.592847,11461.268693,11633.228231,11637.001001,11639.280385,11644.10577,11649.08054,11653.487154,11656.494231,11658.872539,11661.378539,11664.365616,11668.488077,11668.466462,11668.745154,11674.938077,11680.202154,11685.584309,11690.043616,11692.29477,11694.880693,11700.413001,11702.294693,11706.760078,11708.842385,11712.661616,11713.882155,11715.903385,11717.531386,11720.683386,11724.280385,11726.956231,11730.420385,11732.067693,11733.573847,11735.332309,11737.454385,11739.047693,11740.747155,11742.380847,11744.210386,11746.592924,11748.532078,11750.411155,11751.693309,11755.322462,11755.562231,11756.113539,11757.938232,11759.201847,11799.691462,11801.838231,11804.143385,11808.847924,11813.345308,11815.880846,11818.403309,11820.890847,11822.783077,11826.329232,11828.624308,11830.950232,11832.769847,11834.224309,11837.251,11840.131616,11843.787154,11846.266693,11848.647,11850.548001,11853.742078,11855.339616,11857.183154,11859.690155,11863.079386,11868.210078,11871.890155,11875.027001,11879.964,11881.472232,11885.663462,11885.806462,11888.773155,11892.619616,11894.410693,11896.007385,11897.182462,11898.547693,11900.654231,11901.041847,11901.528001,11904.000693,11905.12554,11909.114386,11911.294232,11913.476078,11915.474693,11916.993308,11918.358386,11921.440231,11928.872232,11933.483462,11933.658232,11936.816693,11937.800616,11954.444308,11957.647155,11959.712616,11962.340386,11965.821154,11973.852847,11976.395308,11979.962385,11984.530693,11987.209924,11989.618847,11993.115923,12003.617231,12008.749539,12014.69254,12014.978386,12017.530693,12030.832616,12034.237309,12040.47254,12044.603924,12047.221231,12049.770155,12052.771385,12057.753231,12065.559616,12072.82154,12077.631078,12081.305847,12171.176923,12177.977539,12182.085154,12186.536386,12191.399078,12195.896,12200.585847,12203.715385,12213.620386,12216.001539,12218.658154,12221.607001,12222.468847,12224.00277,12226.240924,12228.26854,12230.339386,12234.33877,12236.603693,12239.324,12241.231309,12244.583693,12247.083155,12249.447001,12251.484693,12254.051924,12255.351462,12255.732924,12256.697308,12257.662155,12258.967385,12260.694539,12260.945001,12261.642693,12262.159077,12262.890155,12263.486462,12264.103924,12265.677616,12266.082462,12266.938232,12267.918693,12268.115693,12268.173462,12268.206231,12268.901231,12272.851309,12276.800308,12282.896847,12289.080924,12293.486154,12308.695385,12308.683693,12361.055308,12363.77177,12368.258847,12372.836309,12378.676,12384.154693,12387.627308,12391.587309,12393.539386,12399.267616,12402.880231,12405.658078,12409.366693,12411.759078,12413.434847,12416.642155,12418.528001,12420.59754,12424.59177,12424.798693,12428.727616,12430.845462,12433.899309,12441.457155,12445.331462,12449.292001,12453.872924,12592.249924,12597.333154,12600.206155,12603.215385,12610.284924,12612.032847,12616.304231,12619.618232,12622.757462,12626.487616,12633.390155,12637.568309,12639.263617,12643.350078,12647.370154,12650.358154,12652.660924,12656.459924,12658.559386,12660.328232,12668.55477,12675.18854,12678.153847,12681.189232,12684.494385,12690.332001,12694.862231,12698.54,12704.426154,12705.194462,12708.954539,12712.094462,12714.828539,12719.856309,12723.341232,12728.855077,12735.623385,12737.111693,12741.493,12749.788539,12751.969539,12754.988386,12760.884,12765.487693,12770.114463,12774.884232,12778.822077,12784.247001,12786.093539,12790.300616,12794.010385,12801.825847,12804.932386,12810.720693,12817.877154,12822.574385,12828.424693,12832.732693,12837.177847,12841.649154,12846.439308,12849.396924,12855.416078,12858.501308,12865.627,12877.858847,12894.769539,12900.658078,12908.806078,12917.767309,12936.230693,12941.739309,12950.450231,12956.700001,12964.318232,12969.228847,12973.782539,12977.395693,12980.316847,12984.341847,12987.255155,12990.472386,12993.59477,12996.904001,13000.57177,13003.336924,13010.429539,13014.017308,13019.346155,13020.423155,13021.841232,13023.236693,13025.829846,13030.264001,13050.507,13064.360924,13066.47077,13072.816231,13086.179386,13091.949463,13106.501155,13115.229539,13120.309462,13122.977232,13133.732924,13137.769847,13146.973,13155.291308,13161.189232,13168.163386,13174.460386,13183.922078,13189.111616,13193.841847,13202.799001,13206.14177,13210.28677,13214.085539,13217.793539,13222.321617,13229.328385,13232.614232,13235.996693,13239.845847,13246.314155,13251.516847,13256.431386,13259.254155,13264.569232,13266.730385,13268.463308,13275.393308,13275.527386,13277.699001,13280.836001,13282.892001,13284.708001,13286.546155,13289.261462,13290.52377,13291.729232,13293.396616,13293.850385,13294.485539,13296.288385,13297.467923,13298.555693,13299.912077,13300.992924,13304.643924,13306.514462,13306.557232,13306.921232,13307.353232,13307.79377,13307.989616,13308.196001,13309.071462,13309.137232,13309.402155,13310.344616,13310.793847,13311.222155,13311.80377,13312.395693,13312.90377,13313.62277,13314.13877,13314.516232,13314.897616,13315.30677,13315.836924,13316.18277,13316.528232,13317.016616,13317.41077,13317.932693];7904.3475680630045;179.756924;13317.932693;3698.55626770205
28;1768845075510;RTT - Ping Emission: PARALLEL - N.Pings: 3000;0a3f31673eb194e8;5CTP;P2P_STAR;PARALLEL;3000;[257.268923,293.791923,319.553615,323.851693,335.818846,356.244538,372.023692,449.075923,451.755692,452.983,460.978154,462.896923,465.157461,568.918462,570.282846,570.732616,572.503462,574.302692,576.340077,577.574769,578.702769,580.353538,585.453923,600.116923,622.241538,738.53423,739.776,740.784693,743.263693,744.970154,746.75177,749.445462,751.059615,752.551077,753.868539,756.012077,757.767693,759.230077,761.110231,762.578538,764.007923,767.536307,773.349231,783.720077,789.031077,802.393308,814.490539,830.397846,837.736693,841.788846,844.971385,951.094462,954.094153,954.486077,957.729154,958.252847,959.195615,960.356077,960.867923,961.034461,961.389538,961.695307,962.838462,963.473308,963.878539,965.259923,965.360308,966.911308,967.637846,967.844308,972.922077,975.978846,985.661615,991.065539,1008.652001,1023.378385,1036.228923,1049.007461,1069.927077,1091.819923,1101.325769,1116.014538,1131.870769,1138.959693,1143.916077,1161.579923,1163.615461,1166.836616,1178.532,1196.661846,1228.247462,1230.652231,1234.36923,1333.622461,1334.745539,1335.045846,1337.593001,1338.501154,1338.933001,1339.441307,1345.844,1346.80923,1347.861924,1349.82923,1353.046462,1355.257231,1356.205462,1357.339692,1357.891,1358.054538,1358.521154,1358.916385,1359.218154,1359.914692,1361.291385,1362.271077,1366.415769,1371.396846,1374.571769,1382.032231,1402.553538,1403.094077,1413.866154,1422.940539,1433.675077,1439.652307,1459.375308,1462.284077,1467.965308,1477.972616,1492.315462,1496.117,1514.764308,1516.675077,1517.91623,1530.893154,1535.193231,1543.332,1545.957615,1559.066154,1576.126847,1579.245846,1582.570461,1585.528846,1597.264077,1814.406769,1817.105538,1818.305769,1820.57177,1824.965539,1826.538769,1828.366693,1829.437846,1831.603384,1833.317539,1834.875077,1835.118692,1835.23077,1835.656077,1837.074847,1838.407692,1839.728308,1842.576,1844.285846,1845.764616,1848.462539,1849.826692,1851.195692,1851.471692,1852.933538,1854.076,1855.314154,1857.709615,1858.027308,1859.566154,1861.422769,1862.639615,1863.939385,1865.497154,1867.621616,1868.838692,1880.68023,1900.647769,1913.717231,1927.637846,1950.715385,1955.493769,1970.405461,1976.405,1989.577001,2088.465846,2091.960231,2097.174846,2102.561846,2106.000615,2109.58,2111.902231,2118.901308,2121.335461,2123.674077,2128.119462,2131.032308,2133.923077,2135.583077,2152.869231,2161.18777,2202.911077,2254.798462,2258.479154,2288.178539,2471.471769,2482.987077,2487.622461,2501.354462,2505.133847,2511.095693,2515.536,2546.36677,2558.061462,2577.659154,2605.645462,2627.941462,2733.16,2736.236385,2744.006769,2748.504616,2841.110462,2844.89877,2850.969847,2865.544,2920.273538,2922.584384,2937.748615,2986.443077,3019.870769,3054.435385,3232.147077,3237.656692,3247.894692,3249.477847,3252.073847,3253.648616,3255.870154,3257.82777,3292.525231,3314.222231,3325.562385,3354.633769,3364.784693,3383.296616,3390.618154,3399.790231,3404.167078,3456.670154,3501.875616,3803.852308,3809.770154,3813.288308,3815.961231,3818.149231,3821.277308,3826.004308,3831.298231,3833.784308,3837.08577,4010.387385,4015.317923,4016.217924,4020.962769,4022.621923,4025.676,4046.480923,4128.07377,4152.871769,4240.405001,4252.810769,4379.362231,4383.514077,4387.274231,4388.313,4389.720308,4426.018846,4446.140001,4455.286769,4474.711692,4506.593,4510.348615,4524.711462,4544.481846,4564.27177,4586.289,4619.860385,4642.400384,4775.593154,4779.708308,4786.188077,4787.205231,4787.396693,4790.152846,4791.758769,4792.250847,4796.378077,4868.979924,4892.431769,4928.815462,4940.493539,4946.414461,4961.105308,4983.870693,5020.466154,5125.205462,5127.591693,5131.170539,5132.68977,5133.325847,5133.903078,5134.803615,5137.088,5138.630231,5143.334847,5166.24277,5196.788,5198.961231,5223.019385,5225.659077,5238.207385,5250.288924,5259.736846,5266.202462,5280.650154,5297.455001,5341.567077,5347.375077,5351.676923,5366.391077,5374.252308,5384.50677,5569.629,5575.674846,5578.852539,5581.05977,5584.997769,5588.607462,5590.961769,5595.438693,5599.102693,5601.724,5631.132923,5633.117539,5648.412,5769.694539,5774.376308,5777.149769,5781.173154,5782.872923,5786.335769,5880.224385,5883.535385,5888.15077,5891.734539,5896.166231,5900.864923,5924.205461,5935.567616,5953.004385,5958.224616,5973.64577,5982.730462,6012.983924,6021.818462,6039.503693,6063.700615,6091.62,6098.142077,6100.206462,6121.623462,6273.889847,6279.134077,6282.04377,6286.606846,6291.828231,6296.807308,6300.611693,6302.819,6309.329847,6311.257231,6314.140001,6316.972077,6322.238769,6324.982769,6326.713769,6329.454462,6332.498154,6334.550077,6335.739385,6339.997923,6346.000308,6352.136923,6355.796231,6368.766155,6370.423077,6385.886154,6392.067308,6400.111077,6408.912308,6418.029308,6453.569539,6454.307462,6456.292693,6456.726462,6467.895078,6478.860616,6495.634847,6499.077462,6516.148616,6517.190154,6518.569769,6525.575692,6652.817847,6655.050846,6655.465539,6655.566155,6655.627693,6658.211077,6658.785769,6768.838231,6773.107308,6773.834154,6774.403077,6774.902539,6775.485616,6779.879385,6781.649154,6782.704385,6783.628924,6785.563155,6786.297847,6787.305769,6789.468693,6792.130155,6793.286154,6795.774231,6796.975693,6812.252308,6812.80677,6812.933846,6813.436385,6821.365462,6834.075,6852.456385,6936.491385,6943.321539,6947.455385,6951.517232,6953.615923,6954.858232,7018.971693,7024.995462,7027.89877,7033.13877,7039.515385,7041.209231,7044.149232,7046.967692,7049.243155,7051.423385,7054.479693,7055.679077,7060.759077,7065.126154,7093.226154,7094.630539,7118.196,7121.541539,7136.601539,7150.770154,7158.778231,7173.552385,7185.004924,7187.597924,7195.173769,7204.145462,7223.653462,7235.866154,7253.359693,7270.523462,7273.206462,7278.145923,7397.451616,7398.392846,7399.725462,7401.440847,7403.626462,7407.372,7409.202077,7411.624616,7414.614155,7425.966077,7440.633539,7468.319385,7479.234693,7489.368616,7514.544,7537.200923,7549.178693,7580.441,7587.831077,7586.047385,7588.420616,7599.309846,7612.924539,7626.520616,7631.599693,7659.578154,7664.347308,7785.195155,7792.090231,7799.303923,7805.543154,7813.628,7820.61577,7828.139078,7829.775078,7830.887,7831.917846,7832.582462,7833.756308,7834.823462,7835.397769,7836.320923,7837.654462,7843.915154,7854.239308,7869.373231,7870.418692,7883.778462,7888.077923,7897.581923,7910.928923,7917.53377,7923.040616,7942.139078,7942.54977,7944.329154,7951.249154,7958.70677,7975.684001,7980.235693,7988.403308,8024.090077,8029.790386,8035.715692,8038.729001,8042.937308,8046.108,8059.296693,8106.182231,8108.300616,8111.85477,8154.766154,8159.877924,8159.968232,8160.765847,8161.94,8164.801769,8165.959385,8167.232308,8168.093924,8169.87877,8173.299077,8173.989847,8175.408385,8178.882154,8180.442462,8186.018846,8186.701308,8192.016308,8212.15577,8226.410155,8228.521231,8230.57577,8234.496,8252.905308,8257.866846,8260.466846,8269.172692,8279.315308,8281.349462,8289.119155,8302.624539,8307.308078,8310.678154,8322.487616,8346.036923,8349.731385,8378.240847,8383.221231,8386.578692,8390.964616,8393.700616,8410.508385,8529.992,8533.053769,8537.34,8539.689231,8545.008001,8548.261231,8550.384,8554.998462,8556.389462,8559.784231,8563.765462,8567.369154,8572.346385,8576.895078,8579.099693,8581.287462,8584.663077,8589.632616,8605.162231,8607.695693,8611.288539,8618.283616,8624.751693,8636.23877,8646.643308,8651.159385,8758.849539,8761.193232,8765.631308,8767.121154,8771.866539,8773.206155,8776.653462,8778.079155,8779.569846,8781.138078,8786.40577,8787.645846,8791.912077,8797.404309,8911.468924,8916.658539,8919.393231,8920.763692,8925.072924,8925.460001,8929.834078,8932.247692,8932.641231,8934.063693,8936.214462,8937.485616,8939.150693,8942.623923,8945.53077,8948.293923,8949.647385,8952.143077,8952.647693,8955.375693,8956.233309,8956.932616,8981.351924,8994.783385,8996.263385,9010.950462,9027.324231,9037.378463,9043.757231,9050.992924,9066.643616,9070.228001,9074.313,9093.008846,9097.352616,9099.584231,9108.867154,9142.027693,9151.392924,9162.367462,9169.619001,9323.949154,9324.293309,9324.470847,9324.982231,9325.374462,9325.505232,9326.440539,9326.616308,9327.191924,9329.432308,9330.346154,9330.466386,9332.82677,9332.988385,9333.301539,9333.53477,9342.116308,9342.819616,9354.148847,9361.480616,9368.395462,9398.527616,9401.235693,9424.890232,9430.334847,9452.70777,9473.706385,9480.919154,9506.010154,9509.876078,9511.987308,9520.893308,9536.630847,9539.47077,9547.31477,9555.581154,9749.093847,9751.901847,9755.700923,9759.219154,9760.824078,9765.076924,9766.945539,9769.129539,9770.971615,9773.072308,9776.604001,9780.158539,9783.257616,9786.457846,9788.042232,9790.809539,9791.983385,9793.737231,9797.705923,9799.85377,9802.916,9804.597923,9808.164309,9811.392693,9816.328924,9820.913616,9823.574154,9825.094769,9829.883155,9841.214231,9872.912924,9896.964309,9905.102462,9907.272231,9913.166462,10038.140847,10042.781539,10046.411924,10048.891385,10052.418693,10055.716924,10058.297924,10061.510462,10063.582462,10066.446231,10069.328231,10070.746154,10072.706155,10075.350078,10077.836232,10079.86677,10082.082078,10085.560923,10088.370693,10092.017847,10097.081846,10108.201923,10110.605462,10113.83177,10117.192847,10132.082462,10135.426232,10138.680693,10141.287154,10146.244923,10153.551078,10162.868385,10179.219078,10187.080923,10196.035077,10198.459078,10200.099154,10211.539001,10215.31377,10219.446462,10223.714539,10229.641616,10238.180693,10250.302155,10256.914155,10269.715385,10280.167155,10292.757462,10312.715924,10316.697232,10423.820923,10430.645462,10435.170462,10440.699693,10446.584924,10459.748077,10463.721,10465.963001,10469.622462,10473.183155,10478.550154,10482.050154,10485.324693,10487.69077,10493.111924,10497.540385,10517.48377,10523.024001,10528.648616,10533.593231,10535.861616,10538.798154,10541.147693,10544.112078,10548.583078,10554.608078,10557.711616,10563.331078,10567.107693,10569.568924,10572.04977,10576.378154,10579.822462,10583.200001,10586.925232,10590.082232,10618.730462,10620.177462,10622.380308,10623.970154,10629.540309,10637.304539,10750.99877,10758.410539,10760.324308,10762.598154,10763.779616,10796.020385,10800.019386,10803.476308,10807.723924,10811.954155,10815.571078,10820.686539,10823.834155,10828.035386,10831.371154,10835.266386,10838.244923,10843.907462,10847.957539,10853.074155,10855.545232,10858.266462,10860.796001,10863.783692,10869.513846,10872.829539,10874.789232,10878.192,10881.779155,10886.721154,10889.472309,10892.913616,10895.260847,10897.607693,10909.267078,10912.153232,10927.943385,10929.617616,10941.689616,10963.404693,10983.820924,11007.876001,11026.264616,11031.060308,11048.692231,11051.447,11054.792847,11057.477001,11061.415077,11065.274154,11171.071385,11176.877232,11179.792539,11181.888,11186.892309,11189.544539,11193.567693,11204.294078,11208.544001,11212.699155,11217.04577,11224.609539,11230.977617,11234.923616,11240.476308,11243.79577,11246.542155,11250.091385,11256.849231,11257.097309,11265.299385,11272.340924,11275.838232,11289.783386,11294.764078,11299.792539,11325.842462,11333.081001,11338.279077,11347.619078,11358.835308,11365.607077,11383.708616,11391.983462,11404.790154,11417.252693,11430.624231,11441.44277,11448.333462,11561.128539,11564.643924,11572.206462,11576.449231,11580.035924,11584.973847,11591.386077,11597.536924,11601.310232,11605.185462,11606.87777,11610.017539,11614.779616,11622.951154,11630.674462,11635.254463,11654.820308,11664.43477,11667.011693,11671.802462,11674.054154,11687.404001,11693.45077,11694.412539,11695.237463,11696.064539,11697.211309,11801.282385,11804.102462,11806.728924,11811.499385,11813.57777,11814.608539,11815.660693,11817.239693,11818.077001,11820.152924,11821.304308,11821.911616,11823.484616,11824.711078,11825.529539,11826.459308,11827.573462,11828.468539,11834.15177,11835.240847,11836.648385,11837.264309,11838.117463,11839.661462,11840.489847,11841.33477,11842.226155,11843.158847,11844.078846,11845.004924,11845.772616,11846.743693,11847.756924,11849.08977,11851.123,11855.475924,11925.836308,11926.933769,11936.623308,11939.384001,11941.320693,11943.194155,11945.580308,11950.827309,11956.38,11960.088309,11961.665539,11966.049539,11967.056078,11968.897539,11970.714539,11975.275617,11976.063077,11977.39377,11978.354539,11980.75877,11981.604924,11982.625617,11983.756385,11984.614154,11985.615078,11986.400001,11988.148616,11989.136847,11990.15477,11991.733154,11992.897924,11994.070693,12002.432924,12005.629539,12006.830462,12007.984001,12010.809309,12015.858539,12020.672385,12023.749001,12040.90177,12042.451924,12043.923078,12045.835078,12049.540001,12052.239385,12058.002154,12059.754155,12066.869924,12070.766231,12075.245539,12081.881232,12089.388001,12103.168078,12109.196539,12110.558078,12112.031078,12125.924,12127.601,12140.981539,12170.410231,12171.973924,12182.21477,12182.522462,12184.546154,12185.929308,12190.836308,12192.806462,12199.792309,12202.177923,12301.900539,12304.342078,12307.008617,12314.084,12315.233155,12316.489308,12320.776077,12328.111693,12329.072078,12329.687386,12330.45777,12331.236232,12332.245463,12333.747385,12334.051462,12334.59477,12338.822231,12343.441923,12344.38677,12345.191155,12346.181001,12346.954462,12353.067462,12353.984693,12354.816693,12356.381308,12357.414462,12358.226693,12359.043616,12359.862462,12360.531617,12361.280924,12367.091462,12371.661539,12374.875386,12375.771386,12378.483385,12380.111462,12380.617462,12385.455693,12398.152616,12399.984385,12401.804924,12404.443693,12409.963616,12416.81077,12421.990463,12426.039924,12432.205539,12447.493847,12450.807155,12463.020924,12471.437539,12473.611155,12476.012847,12484.19077,12487.282385,12488.611385,12492.310154,12497.254693,12501.556231,12505.392309,12509.019154,12522.209155,12525.437231,12528.170539,12530.402693,12535.429539,12550.02777,12551.302539,12555.338231,12559.608232,12563.688232,12566.382155,12569.615616,12573.712078,12730.346462,12734.261232,12737.195385,12740.169462,12745.315077,12747.675616,12748.830462,12749.671309,12751.22377,12752.345,12754.054078,12757.177462,12758.036385,12759.275001,12760.576001,12761.441462,12761.984077,12763.205616,12764.18977,12765.079077,12765.749308,12767.220001,12768.167693,12769.597155,12770.903924,12772.114077,12773.276616,12774.656617,12775.577462,12777.081155,12777.677155,12778.261309,12778.61577,12779.161616,12780.044616,12781.363924,12782.102078,12782.785308,12782.885231,12783.545463,12784.740309,12784.98154,12785.508847,12787.142154,12787.463693,12788.028539,12788.205462,12788.480232,12789.009155,12794.614693,12796.597616,12800.435386,12807.770462,12815.956617,12827.972616,12829.878539,12834.316924,12850.036308,12852.046539,12854.617462,12861.265001,12861.825,12865.361232,12927.90977,12930.594154,12935.103078,12938.216693,12944.928308,12946.916924,12949.174847,12951.805155,12954.107078,12956.21877,12958.697539,12960.481154,12962.58777,12964.666232,12967.32577,12969.007693,13069.472847,13075.285924,13078.295924,13081.134154,13084.063463,13087.826539,13091.603309,13096.562078,13101.332232,13105.251616,13108.056077,13112.989155,13116.589462,13120.110155,13125.620616,13125.832001,13126.240617,13127.165308,13130.025616,13130.895154,13132.344693,13133.069,13133.15754,13134.288001,13134.858847,13135.168385,13137.096924,13139.675386,13142.668001,13143.815693,13144.86,13146.832308,13148.429539,13149.935386,13151.33754,13152.723077,13155.309155,13160.295001,13163.452001,13165.386693,13167.599078,13169.275385,13171.131693,13173.112232,13175.127385,13176.83977,13178.407924,13180.910463,13182.771385,13184.648616,13187.543693,13190.359078,13191.592616,13193.316308,13208.940231,13210.932077,13214.462385,13217.576001,13221.298386,13224.056308,13226.386078,13239.969616,13245.057539,13246.216001,13247.124539,13252.455694,13261.639155,13263.21577,13265.673847,13268.35454,13278.49377,13280.62277,13282.385,13283.854462,13287.05577,13292.094462,13308.690231,13312.252539,13314.237847,13316.436078,13324.724309,13327.993616,13329.724924,13332.411463,13444.737924,13449.046155,13451.334231,13457.344308,13463.697462,13467.776924,13470.566462,13474.268539,13480.321232,13484.761231,13488.201232,13492.793231,13497.040616,13501.305924,13505.314847,13508.984924,13513.018462,13516.047078,13519.242232,13522.741232,13524.942847,13527.525616,13530.241539,13532.539694,13534.397232,13536.49354,13539.915386,13540.725232,13542.685462,13544.850462,13546.319308,13548.839385,13550.384308,13552.225232,13555.129232,13555.451001,13556.828616,13559.006693,13560.505924,13562.146693,13564.419693,13566.401847,13569.321308,13571.88554,13573.617847,13577.97177,13580.466539,13582.226463,13584.556693,13586.765539,13589.699078,13594.661001,13604.736385,13604.871155,13606.059616,13610.131386,13612.727616,13613.680232,13614.185231,13615.647693,13616.892078,13722.100078,13724.188309,13725.47077,13726.685924,13727.983001,13729.75777,13730.747078,13731.792001,13733.491385,13734.274155,13734.72577,13737.040386,13737.738154,13739.726231,13740.333309,13741.521154,13742.183924,13742.710232,13743.341001,13744.012539,13811.36977,13813.766463,13819.42577,13821.219001,13826.474386,13832.957847,13841.973924,13851.617309,13856.377309,13866.669155,13868.278078,13869.421847,13870.693847,13871.836078,13872.979385,13873.97877,13874.456924,13874.816539,13874.937001,13875.276616,13875.653231,13875.97077,13876.415463,13876.782847,13877.437232,13877.608001,13879.079309,13879.670693,13879.795309,13879.952923,13880.31577,13880.524385,13880.865463,13881.100924,13897.281616,13898.008616,13898.219693,13899.820309,13912.224078,13914.065001,13917.877232,13927.32977,13934.681001,13937.108924,13950.502847,13954.726385,13956.492309,13958.936539,13960.555693,13977.683078,13979.648385,13982.706231,13986.435155,13989.834155,13991.702078,13993.037539,13995.133847,13996.918078,14001.532078,14002.036616,14002.689847,14018.583693,14020.291308,14023.303155,14040.40177,14043.997924,14046.771693,14051.661155,14057.398539,14061.474386,14065.928232,14066.281308,14073.297924,14075.993847,14078.03254,14081.351924,14088.406232,14090.692385,14264.589231,14265.517847,14267.591693,14283.316924,14285.090155,14285.88554,14286.260616,14288.198154,14288.764693,14289.189847,14289.609232,14290.141154,14293.101232,14293.484308,14294.003308,14294.419155,14294.792694,14295.456308,14295.427463,14295.790078,14296.15777,14299.381847,14299.776539,14300.216847,14300.640001,14300.916693,14301.319386,14301.710847,14302.13777,14302.449617,14302.849539,14303.200617,14303.584847,14304.011616,14305.472308,14305.904385,14306.289462,14306.72177,14308.293616,14308.796617,14309.200924,14310.143694,14311.209001,14311.655771,14312.040924,14312.516847,14312.818155,14313.559001,14326.542463,14327.920001,14327.991693,14328.489847,14347.085155,14351.060309,14351.855309,14363.117616,14366.750154,14370.36277,14376.183309,14380.596616,14383.017847,14384.246463,14391.375154,14397.265847,14400.531463,14407.235155,14410.964847,14414.396616,14424.829924,14428.761308,14431.03654,14438.962847,14442.47177,14445.754539,14448.339693,14456.767386,14461.079078,14463.960924,14566.115309,14569.780539,14573.255078,14576.531385,14579.937539,14582.880847,14584.484847,14586.398154,14587.013463,14587.718694,14588.593617,14589.143693,14589.732385,14591.015693,14593.104617,14593.987308,14595.497924,14596.345001,14596.99454,14597.662155,14599.016232,14599.59177,14600.486539,14600.731693,14601.307078,14601.832616,14602.452001,14603.515693,14604.456924,14604.894155,14605.305154,14714.578078,14717.499308,14720.346463,14726.832232,14728.465539,14734.389232,14735.914385,14737.713847,14740.44554,14745.412847,14746.89654,14749.277155,14752.920616,14759.381462,14762.710386,14765.25977,14767.237232,14769.704078,14771.331924,14773.305847,14775.647078,14777.778847,14779.909463,14782.120231,14785.180078,14787.065001,14792.633001,14793.54677,14796.25877,14799.059385,14800.863386,14803.360001,14805.299078,14807.597924,14809.322847,14811.355077,14814.347385,14817.576078,14820.76377,14823.61077,14828.413309,14833.654078,14837.505154,14840.978154,14843.051077,14847.878847,14849.684078,14851.113847,14944.911924,14949.727386,14953.59877,14955.943386,14958.495924,14961.587386,14965.782847,14969.445232,14972.615693,14975.612539,14977.823924,14979.927385,14981.415693,14983.607078,14985.346231,14987.705462,14990.721231,14992.549308,14994.51577,14995.709463,14997.802462,14999.999693,15001.391078,15003.004078,15004.522771,15006.459078,15008.467616,15010.137924,15011.820693,15014.193308,15015.699386,15018.017232,15019.431155,15023.27777,15025.195462,15028.027462,15030.046385,15032.062463,15033.759617,15037.773539,15039.066385,15041.085462,15044.310386,15048.25354,15051.786539,15058.68777,15062.720001,15065.926462,15068.041463,15074.852309,15076.560078,15088.683693,15091.904617,15096.685231,15099.752001,15108.181539,15110.780001,15113.360848,15125.610155,15130.157232,15135.233539,15139.810847,15142.752924,15146.274463,15148.639616,15150.709462,15154.617924,15160.200616,15163.564308,15169.829308,15182.32977,15188.017847,15194.724001,15199.330078,15204.619385,15205.850386,15207.328078,15207.760231,15209.377155,15312.319154,15317.427385,15320.533847,15325.218155,15328.850847,15334.702386,15336.920001,15340.390385,15343.515077,15347.943463,15351.636847,15355.885924,15361.106385,15368.276385,15371.991693,15374.618155,15375.503924,15376.124617,15376.184001,15376.728232,15376.877155,15377.811078,15378.097308,15379.564693,15379.712616,15382.524077,15382.557539,15383.797616,15383.808847,15387.464308,15388.246462,15389.028231,15389.546462,15392.747155,15397.125,15400.762693,15405.690385,15409.636386,15414.264386,15420.100001,15421.40554,15426.934155,15431.339693,15434.732617,15439.513847,15449.369232,15449.444539,15463.041847,15466.12377,15468.020232,15470.255155,15472.380924,15555.310154,15558.158385,15560.202231,15563.233463,15568.474078,15573.920616,15575.817001,15577.179693,15579.396309,15580.957539,15582.397924,15584.467924,15586.18654,15588.468309,15589.989155,15591.708309,15593.551078,15596.485309,15598.752001,15601.142154,15602.708386,15603.376231,15604.471308,15605.302539,15606.424694,15607.179693,15607.967924,15708.116924,15710.263693,15711.531771,15712.816693,15713.950693,15714.836232,15720.229155,15720.576924,15721.281232,15721.93977,15722.403616,15722.985539,15723.507309,15723.991308,15724.600617,15726.056385,15726.416308,15727.239462,15727.992309,15728.591078,15729.156924,15729.582155,15730.428616,15733.065847,15735.325847,15737.664693,15739.151077,15741.047309,15743.526078,15744.25454,15744.822462,15745.829231,15748.156924,15750.383462,15751.729154,15753.444001,15754.516232,15756.395154,15760.29777,15761.74854,15763.480386,15764.387077,15765.466386,15766.903694,15771.097232,15774.528616,15793.762539,15794.529308,15795.150231,15796.231309,15800.524232,15807.073462,15819.819924,15824.39977,15826.777539,15828.380232,15840.647077,15847.340078,15847.567386,15855.375386,15863.031462,15869.359078,15874.228231,15878.870155,15879.553308,15883.773847,15885.353617,15895.891386,15899.932616,15906.241847,15909.57354,15918.866462,15921.83477,15926.18977,15930.691078,15934.569232,15936.546078,15943.285847,15947.411693,15959.937232,15962.391694,15964.65454,15966.623616,16065.740617,16068.65854,16071.555924,16074.013617,16075.910539,16079.039616,16080.607309,16083.315077,16085.85754,16088.92054,16090.952693,16094.114463,16097.018078,16099.285231,16104.365463,16107.500616,16108.902155,16111.281462,16116.515616,16117.076616,16117.13077,16117.134463,16117.318078,16119.672847,16120.168385,16120.781539,16121.154847,16122.938386,16123.807078,16123.965847,16124.252001,16124.794232,16125.02054,16125.291078,16125.753232,16126.110077,16126.298463,16126.427154,16127.060924,16131.091771,16135.532001,16139.916078,16145.184232,16152.752847,16155.946155,16162.114847,16166.977232,16180.535616,16182.089155,16183.113463,16197.25254,16200.413539,16203.817616,16207.481001,16209.980924,16212.82777,16215.012616,16222.367001,16227.111385,16231.711693,16236.128001,16239.942462,16244.471385,16249.223309,16253.755924,16262.293924,16269.818154,16271.449771,16278.596309,16284.481232,16290.191385,16293.548924,16296.963078,16304.400232,16306.236539,16310.919617,16326.236616,16332.960308,16335.353231,16337.029155,16338.509847,16340.234694,16343.693539,16346.513847,16437.223309,16440.063462,16442.822463,16444.860309,16447.217309,16451.568924,16455.068309,16458.137924,16461.787463,16466.139924,16472.113232,16473.725924,16474.034693,16475.152925,16478.558693,16482.186232,16484.009001,16485.684616,16487.117847,16488.400231,16495.191694,16501.090463,16504.620847,16507.293539,16508.846462,16512.997616,16515.498155,16518.784539,16520.594693,16520.799001,16521.684001,16529.278078,16534.180924,16537.868616,16540.122847,16543.080616,16545.839001,16549.372309,16552.715386,16555.677231,16560.357847,16562.134539,16565.174386,16568.545309,16571.045847,16573.219693,16577.019154,16578.103693,16580.912386,16584.256924,16587.14977,16589.946693,16680.022462,16682.994693,16687.706155,16691.170848,16696.07077,16701.486078,16704.196616,16708.930232,16712.784309,16713.471386,16714.155077,16714.910848,16715.790155,16717.117616,16717.876308,16720.861462,16722.551309,16724.28054,16726.352924,16727.936078,16729.496001,16730.96554,16732.841231,16734.51777,16736.416924,16737.660232,16761.326232,16764.831694,16769.059924,16774.055078,16777.855925,16940.433924,16943.078771,16945.477154,16947.807078,16949.346463,16953.095078,16956.251924,16959.318155,16964.343001,16967.440386,16971.064078,16976.293308,16979.987309,16983.865924,16986.147616,16989.980309,16993.025001,16997.727616,17002.727309,17005.755001,17008.553617,17011.318463,17017.087462,17021.959616,17022.506232,17026.807078,17029.596693,17032.552078,17038.68254,17038.825617,17040.581462,17042.504924,17048.568001,17050.491616,17054.395155,17055.948309,17060.364924,17063.457154,17065.299309,17068.299309,17071.755078,17074.245924,17078.143078,17081.198155,17086.322232,17086.552924,17089.588924,17094.624693,17095.550155,17096.267001,17097.357617,17098.252001,17099.209232,17100.100924,17101.637308,17102.316616,17103.333539,17104.130771,17104.862386,17105.681462,17106.838385,17107.936693,17108.92154,17110.293847,17111.60577,17112.611771,17114.277617,17117.469308,17121.317539,17123.547693,17127.112616,17130.128001,17133.013847,17134.826847,17137.681539,17139.879155,17144.505847,17147.200617,17150.816386,17152.944308,17154.585847,17156.564309,17158.768847,17160.671385,17175.667693,17177.336924,17179.903155,17183.605232,17186.517001,17188.740617,17193.11754,17195.681001,17199.528001,17201.419385,17205.432001,17206.749617,17209.037001,17210.850231,17216.75777,17220.030155,17222.039616,17224.614385,17227.056001,17229.656308,17231.919001,17237.05754,17239.701232,17241.863309,17244.61077,17248.81854,17249.257847,17249.66677,17249.893924,17250.235001,17252.845001,17256.704617,17263.478847,17264.643309,17267.792924,17269.989847,17272.235001,17274.784386,17277.097539,17281.857232,17283.544308,17284.73877,17287.780924,17299.567694,17301.27877,17303.111463,17305.424539,17311.428386,17315.32677,17318.348617,17321.713771,17323.907385,17329.158847,17331.508385,17334.036617,17340.145847,17344.468001,17348.85054,17353.170155,17356.354847,17369.714463,17377.918771,17382.535616,17386.225231,17403.983001,17407.369462,17411.917539,17417.899616,17421.709847,17424.563078,17426.026232,17427.950385,17430.063924,17433.376539,17436.014462,17438.628308,17440.422539,17441.818771,17444.222231,17445.302694,17446.733616,17556.271386,17560.940309,17565.361309,17569.25577,17573.503693,17576.974155,17580.891155,17585.439386,17589.556924,17593.329924,17596.863078,17600.010847,17602.870694,17606.652308,17610.214155,17613.473924,17616.88454,17619.666693,17621.855694,17626.747001,17665.400847,17669.656924,17672.484308,17676.016232,17680.040232,17683.981001,17684.423078,17687.668385,17689.114386,17691.603386,17693.558154,17695.02177,17696.023001,17697.838771,17699.520309,17701.547001,17703.474463,17704.76377,17710.060924,17713.392694,17717.135694,17719.977924,17725.696617,17728.880848,17730.876617,17733.139155,17734.601924,17737.737617,17738.177924,17740.26554,17744.934386,17747.216925,17749.491078,17753.527694,17758.737155,17760.382078,17762.666232,17766.55577,17768.986078,17773.373232,17774.83477,17776.727617,17778.533463,17779.511694,17780.224617,17780.78677,17781.690693,17783.844232,17785.365539,17785.420309,17785.410078,17786.084924,17786.118386,17798.56654,17800.499386,17804.139694,17808.158848,17809.389231,17813.738463,17818.852539,17827.801847,17982.945463,17987.122385,17990.744617,17994.752386,17997.815308,18002.572617,18007.004617,18009.645924,18013.34954,18018.487693,18020.687001,18023.048616,18027.977617,18034.110847,18038.196231,18042.694847,18046.65054,18050.633539,18053.146155,18058.813463,18063.094463,18067.360847,18076.404924,18080.089616,18086.895693,18091.00554,18093.546539,18097.271693,18102.560078,18105.672847,18107.005462,18108.043463,18109.058155,18110.018463,18110.921232,18110.669001,18110.933309,18111.871078,18112.488309,18112.496001,18112.711463,18113.538693,18113.915693,18114.311694,18114.619771,18114.767155,18114.972309,18117.775078,18118.028617,18118.130078,18118.432001,18118.791386,18119.174155,18119.325924,18119.707693,18120.005847,18120.789616,18121.378847,18121.589617,18121.673847,18124.592924,18129.499462,18133.910463,18139.908001,18145.339693,18150.007616,18154.13177,18156.610463,18160.870155,18169.680847,18181.831463,18185.944078,18189.773539,18191.702232,18199.57977,18308.562463,18310.881847,18314.143002,18315.394386,18316.778232,18319.931693,18320.578771,18325.155078,18326.679771,18328.160308,18333.60177,18335.240925,18337.507078,18339.067924,18341.653462,18345.095462,18345.980001,18346.762462,18346.863386,18347.793001,18348.657309,18349.834078,18353.821924,18354.596925,18355.271155,18356.112232,18356.85977,18357.393232,18359.82154,18360.661771,18361.045847,18361.559001,18361.708002,18362.319155,18362.852385,18369.825309,18373.508539,18378.947386,18385.207308,18392.474463,18404.426463,18406.980617,18410.735386,18413.292386,18417.429848,18423.136385,18427.612309,18434.126847,18444.444001,18450.346771,18452.756309,18455.980385,18459.159386,18468.54554,18477.723385,18483.779308,18484.990462,18488.816232,18491.335924,18494.077924,18496.847771,18501.084001,18503.260078,18504.367694,18515.810463,18518.973847,18520.739463,18526.07054,18529.015693,18535.723386,18641.110771,18644.361847,18646.405001,18648.808308,18651.875078,18653.004694,18680.578078,18684.642155,18688.04777,18692.779771,18697.744925,18699.848616,18701.445232,18706.944308,18709.826693,18714.00777,18714.747386,18722.264539,18723.631694,18724.30377,18728.080617,18728.117924,18729.279155,18729.296002,18729.263155,18729.531463,18729.821462,18730.172847,18730.547078,18730.767462,18731.191694,18731.315308,18732.123155,18732.188308,18732.214693,18732.572847,18733.297309,18733.360924,18733.347385,18733.687924,18734.083386,18734.538462,18735.112617,18735.52154,18755.502462,18756.293847,18756.359309,18756.841309,18757.638078,18770.965155,18772.362155,18774.004001,18822.465001,18824.433308,18826.617232,18837.465232,18842.156386,18844.838078,18847.236308,18849.572309,18852.307078,18854.203078,18858.712001,18861.88954,18864.476232,18876.379155,18878.257616,18880.684924,18881.160079,18881.200386,18881.691693,18883.088847,18883.57077,18884.037232,18884.464232,18896.716001,18897.21077,18897.998847,18908.153617,18912.704078,18913.344232,18917.041617,18919.00854,18931.799001,18935.586155,18937.04677,19033.889617,19035.05077,19037.344924,19037.711693,19039.495385,19040.994847,19041.597617,19043.344001,19043.797847,19044.699308,19046.946155,19047.460924,19049.445924,19050.284002,19050.599078,19054.283386,19054.520001,19054.782155,19056.587078,19057.534847,19057.906847,19058.50177,19059.748617,19062.874463,19063.545309,19064.160616,19064.888078,19065.469463,19066.137232,19069.188924,19072.830847,19075.902231,19144.395155,19146.047694,19149.172078,19149.03754,19151.652694,19153.184617,19153.808001,19158.508847,19159.607463,19159.911924,19160.232002,19160.795309,19160.943002,19161.406155,19162.362155,19163.960386,19164.096078,19168.548925,19169.81854,19170.825617,19174.728924,19181.289308,19196.812617,19216.974155,19221.006386,19224.63977,19244.804001,19249.161463,19277.560309,19280.301155,19289.720924,19291.344078,19293.399693,19295.274847,19298.072232,19299.965463,19303.681232,19305.74777,19310.458078,19315.949155,19320.779308,19425.471386,19439.382078,19441.173232,19442.377232,19443.211386,19444.250693,19445.677924,19446.669771,19448.58177,19449.602155,19451.660232,19453.319694,19455.056847,19465.280693,19468.447462,19469.331155,19470.871385,19471.117155,19472.067693,19472.290462,19479.123155,19480.095078,19480.883386,19481.677001,19482.619155,19483.26677,19484.569617,19485.371924,19486.147078,19486.96154,19487.862771,19490.207693,19490.944078,19492.293001,19492.966771,19493.65977,19495.276078,19496.443385,19498.380925,19499.099386,19499.601847,19500.206155,19500.602155,19500.253232,19503.436617,19518.949462,19520.485001,19604.155771,19606.112386,19607.07977,19607.449925,19608.908309,19610.205463,19611.669847,19612.708617,19613.804386,19614.964078,19617.427386,19619.189463,19620.933616,19623.046232,19624.241924,19625.375463,19626.758155,19628.010463,19629.272617,19630.732924,19632.285771,19633.732847,19635.308848,19635.816924,19637.317617,19638.581155,19639.830078,19641.236078,19642.096386,19643.605539,19644.652078,19646.044309,19647.528001,19649.130463,19650.167386,19652.058078,19653.08277,19658.051385,19660.315694,19664.72677,19667.723078,19673.156924,19779.545847,19781.598078,19783.154462,19784.078386,19785.69977,19786.579386,19788.044924,19789.768693,19791.575462,19794.60177,19796.718155,19799.520924,19799.58577,19801.819155,19802.881001,19804.427155,19806.347078,19808.016924,19808.973001,19810.659155,19811.945539,19814.381848,19815.976232,19817.633847,19818.403078,19819.083386,19820.015078,19820.627924,19821.413771,19822.234078,19823.213001,19824.402078,19825.340385,19827.177924,19827.795155,19828.41477,19829.072078,19830.271694,19831.591155,19832.689309,19842.286155,19846.24154,19847.424616,19848.27654,19864.194155,19866.238463,19867.777001,19868.774463,19871.43077,19874.411693,19877.25777,19891.093924,19894.108617,19896.629232,19900.517847,19905.280078,19906.847694,19911.310155,19927.380386,19928.887078,19930.14054,19931.065309,19931.757848,19934.965771,19938.667386,19952.494155,19953.528001,19955.788616,19959.650155,19963.382078,19989.956078,19993.788308,19996.828693,19997.506463,19998.701616,20002.101155,20003.461924,20005.991694,20006.758694,20008.16554,20009.398463,20013.109617,20019.04554,20025.235079,20030.747694,20137.429001,20138.697232,20141.706078,20145.613232,20150.515924,20153.158771,20157.499309,20165.497847,20171.880386,20177.015386,20180.884617,20181.884078,20186.021616,20187.753462,20188.386847,20189.264232,20189.752232,20190.497155,20190.836001,20191.324616,20191.681309,20192.370463,20193.072078,20193.468616,20194.314155,20194.699463,20195.719693,20196.158079,20197.308232,20197.362693,20198.256309,20198.339079,20199.084308,20199.747617,20200.079155,20201.394155,20201.786771,20202.410847,20203.030386,20213.553232,20214.404693,20215.442386,20216.790847,20218.809848,20224.725616,20287.951155,20290.043155,20292.002462,20295.997616,20298.82577,20301.458694,20304.285847,20308.559309,20312.189232,20313.824309,20315.191078,20318.859079,20320.879309,20322.649232,20324.819462,20327.192386,20329.830155,20332.086155,20333.98577,20336.018463,20338.102078,20339.396232,20341.689847,20343.473848,20345.063386,20349.841924,20353.567924,20358.350462,20363.492001,20370.242155,20385.012924,20388.152694,20391.882771,20399.123617,20401.747155,20404.023079,20404.365539,20590.465924,20593.153771,20597.25354,20600.448001,20602.859386,20605.506079,20608.237847,20610.475155,20612.78577,20614.603308,20616.270463,20618.439386,20620.560309,20622.167693,20624.528924,20626.669771,20628.432539,20630.562386,20634.499617,20636.53577,20638.247617,20642.591693,20647.947078,20650.014539,20654.106232,20657.136616,20658.270156,20658.273847,20658.314771,20660.786078,20660.836232,20660.999002,20661.168309,20661.189232,20661.192617,20661.272617,20661.757001,20661.927002,20662.378694,20662.628924,20662.647386,20662.932001,20663.339771,20664.654386,20664.271617,20664.168617,20664.255463,20664.400617,20665.032694,20666.520848,20667.148309,20667.506463,20667.887155,20668.215616,20668.250156,20668.785232,20669.071078,20669.031001,20668.980617,20669.060924,20679.257848,20679.921155,20680.240924,20681.748002,20682.018155,20682.128386,20688.791462,20692.067693,20696.395079,20703.231463,20710.827155,20721.298232,20724.352847,20740.971078,20743.739386,20745.695462,20747.994463,20757.390232,20761.349463,20763.993771,20766.181617,20774.885463,20885.238463,20890.621232,20898.029232,20900.517232,20904.38554,20910.290079,20915.711617,20918.433847,20920.075309,20923.803386,20930.828232,20933.651386,20936.432001,20942.933232,20946.47977,20949.306463,20952.057616,20955.205771,20958.004078,20960.789232,20962.335694,20963.834847,20965.167155,20966.462386,20967.539386,20968.603001,20969.459001,20970.731386,20971.756694,20972.468309,20973.293847,20974.642539,20975.464309,20977.067386,20979.399694,20980.502463,20983.753848,20986.587616,20989.649771,20992.764539,20995.877001,20997.637924,21000.066462,21002.591155,21005.735386,21008.515693,21015.790539,21017.05477,21020.442539,21022.760002,21023.52954,21025.951386,21028.742847,21029.990463,21032.295693,21039.76554,21043.257771,21047.440847,21048.685924,21054.701539,21061.280078,21074.586079,21077.502155,21078.376924,21085.567309,21094.686463,21097.83877,21100.424924,21102.988232,21109.268617,21113.669847,21118.558771,21119.341771,21121.727694,21127.580617,21135.038463,21142.356309,21232.322462,21235.076617,21239.341848,21243.100617,21246.04954];13336.664535964344;257.268923;21246.04954;5531.338316200965
